cls_name,label,save_name
pitted_surface,3,pitted_surface_pitted_surface_179_2.jpg
pitted_surface,3,pitted_surface_pitted_surface_202_1.jpg
inclusion,1,inclusion_inclusion_219_1.jpg
inclusion,1,inclusion_inclusion_272_0.jpg
pitted_surface,3,pitted_surface_pitted_surface_124_3.jpg
pitted_surface,3,pitted_surface_pitted_surface_126_2.jpg
scratches,5,scratches_scratches_145_0.jpg
patches,2,patches_patches_278_3.jpg
inclusion,1,inclusion_inclusion_174_2.jpg
crazing,0,crazing_crazing_20_1.jpg
scratches,5,scratches_scratches_49_0.jpg
pitted_surface,3,pitted_surface_pitted_surface_286_3.jpg
pitted_surface,3,pitted_surface_pitted_surface_47_3.jpg
scratches,5,scratches_scratches_279_0.jpg
rolled-in_scale,4,rolled-in_scale_rolled-in_scale_34_4.jpg
inclusion,1,inclusion_inclusion_10_4.jpg
rolled-in_scale,4,rolled-in_scale_rolled-in_scale_246_2.jpg
crazing,0,crazing_crazing_157_4.jpg
inclusion,1,inclusion_inclusion_203_1.jpg
rolled-in_scale,4,rolled-in_scale_rolled-in_scale_217_1.jpg
pitted_surface,3,pitted_surface_pitted_surface_117_1.jpg
scratches,5,scratches_scratches_223_2.jpg
crazing,0,crazing_crazing_287_2.jpg
scratches,5,scratches_scratches_59_4.jpg
crazing,0,crazing_crazing_75_0.jpg
pitted_surface,3,pitted_surface_pitted_surface_159_3.jpg
crazing,0,crazing_crazing_250_4.jpg
inclusion,1,inclusion_inclusion_215_1.jpg
patches,2,patches_patches_259_0.jpg
patches,2,patches_patches_159_4.jpg
crazing,0,crazing_crazing_37_1.jpg
pitted_surface,3,pitted_surface_pitted_surface_292_0.jpg
inclusion,1,inclusion_inclusion_293_0.jpg
rolled-in_scale,4,rolled-in_scale_rolled-in_scale_36_2.jpg
inclusion,1,inclusion_inclusion_149_3.jpg
patches,2,patches_patches_106_2.jpg
scratches,5,scratches_scratches_278_3.jpg
patches,2,patches_patches_267_1.jpg
crazing,0,crazing_crazing_51_1.jpg
inclusion,1,inclusion_inclusion_206_2.jpg
pitted_surface,3,pitted_surface_pitted_surface_21_1.jpg
pitted_surface,3,pitted_surface_pitted_surface_64_1.jpg
pitted_surface,3,pitted_surface_pitted_surface_284_4.jpg
pitted_surface,3,pitted_surface_pitted_surface_101_1.jpg
pitted_surface,3,pitted_surface_pitted_surface_144_3.jpg
pitted_surface,3,pitted_surface_pitted_surface_29_4.jpg
pitted_surface,3,pitted_surface_pitted_surface_137_4.jpg
patches,2,patches_patches_194_2.jpg
inclusion,1,inclusion_inclusion_130_3.jpg
inclusion,1,inclusion_inclusion_118_2.jpg
patches,2,patches_patches_19_3.jpg
rolled-in_scale,4,rolled-in_scale_rolled-in_scale_136_0.jpg
rolled-in_scale,4,rolled-in_scale_rolled-in_scale_297_1.jpg
inclusion,1,inclusion_inclusion_11_2.jpg
pitted_surface,3,pitted_surface_pitted_surface_198_1.jpg
pitted_surface,3,pitted_surface_pitted_surface_148_1.jpg
rolled-in_scale,4,rolled-in_scale_rolled-in_scale_130_1.jpg
crazing,0,crazing_crazing_234_4.jpg
rolled-in_scale,4,rolled-in_scale_rolled-in_scale_231_3.jpg
scratches,5,scratches_scratches_37_4.jpg
inclusion,1,inclusion_inclusion_166_3.jpg
pitted_surface,3,pitted_surface_pitted_surface_295_0.jpg
patches,2,patches_patches_184_0.jpg
inclusion,1,inclusion_inclusion_250_1.jpg
crazing,0,crazing_crazing_206_3.jpg
scratches,5,scratches_scratches_290_3.jpg
crazing,0,crazing_crazing_140_3.jpg
inclusion,1,inclusion_inclusion_181_2.jpg
crazing,0,crazing_crazing_24_2.jpg
rolled-in_scale,4,rolled-in_scale_rolled-in_scale_45_4.jpg
crazing,0,crazing_crazing_186_0.jpg
scratches,5,scratches_scratches_66_0.jpg
patches,2,patches_patches_222_1.jpg
patches,2,patches_patches_102_0.jpg
crazing,0,crazing_crazing_187_0.jpg
inclusion,1,inclusion_inclusion_167_4.jpg
crazing,0,crazing_crazing_50_2.jpg
rolled-in_scale,4,rolled-in_scale_rolled-in_scale_10_2.jpg
rolled-in_scale,4,rolled-in_scale_rolled-in_scale_38_3.jpg
crazing,0,crazing_crazing_174_0.jpg
patches,2,patches_patches_281_4.jpg
inclusion,1,inclusion_inclusion_120_4.jpg
scratches,5,scratches_scratches_43_3.jpg
rolled-in_scale,4,rolled-in_scale_rolled-in_scale_141_3.jpg
patches,2,patches_patches_175_2.jpg
crazing,0,crazing_crazing_103_0.jpg
scratches,5,scratches_scratches_94_3.jpg
pitted_surface,3,pitted_surface_pitted_surface_283_1.jpg
scratches,5,scratches_scratches_98_1.jpg
crazing,0,crazing_crazing_113_0.jpg
crazing,0,crazing_crazing_137_3.jpg
crazing,0,crazing_crazing_273_0.jpg
pitted_surface,3,pitted_surface_pitted_surface_121_1.jpg
pitted_surface,3,pitted_surface_pitted_surface_246_2.jpg
pitted_surface,3,pitted_surface_pitted_surface_288_2.jpg
inclusion,1,inclusion_inclusion_226_3.jpg
inclusion,1,inclusion_inclusion_119_1.jpg
crazing,0,crazing_crazing_173_3.jpg
inclusion,1,inclusion_inclusion_297_0.jpg
pitted_surface,3,pitted_surface_pitted_surface_125_1.jpg
patches,2,patches_patches_51_2.jpg
crazing,0,crazing_crazing_60_4.jpg
patches,2,patches_patches_26_2.jpg
pitted_surface,3,pitted_surface_pitted_surface_102_0.jpg
crazing,0,crazing_crazing_284_1.jpg
inclusion,1,inclusion_inclusion_182_2.jpg
scratches,5,scratches_scratches_205_0.jpg
scratches,5,scratches_scratches_156_2.jpg
patches,2,patches_patches_184_1.jpg
inclusion,1,inclusion_inclusion_166_0.jpg
patches,2,patches_patches_122_2.jpg
crazing,0,crazing_crazing_32_4.jpg
pitted_surface,3,pitted_surface_pitted_surface_241_3.jpg
patches,2,patches_patches_23_3.jpg
patches,2,patches_patches_100_1.jpg
crazing,0,crazing_crazing_44_3.jpg
pitted_surface,3,pitted_surface_pitted_surface_204_1.jpg
pitted_surface,3,pitted_surface_pitted_surface_143_4.jpg
scratches,5,scratches_scratches_283_1.jpg
pitted_surface,3,pitted_surface_pitted_surface_273_3.jpg
rolled-in_scale,4,rolled-in_scale_rolled-in_scale_229_3.jpg
patches,2,patches_patches_74_1.jpg
rolled-in_scale,4,rolled-in_scale_rolled-in_scale_173_0.jpg
inclusion,1,inclusion_inclusion_228_4.jpg
pitted_surface,3,pitted_surface_pitted_surface_163_3.jpg
patches,2,patches_patches_195_4.jpg
scratches,5,scratches_scratches_163_4.jpg
crazing,0,crazing_crazing_206_2.jpg
rolled-in_scale,4,rolled-in_scale_rolled-in_scale_185_4.jpg
inclusion,1,inclusion_inclusion_93_3.jpg
pitted_surface,3,pitted_surface_pitted_surface_239_3.jpg
scratches,5,scratches_scratches_249_4.jpg
rolled-in_scale,4,rolled-in_scale_rolled-in_scale_76_3.jpg
pitted_surface,3,pitted_surface_pitted_surface_77_4.jpg
rolled-in_scale,4,rolled-in_scale_rolled-in_scale_259_2.jpg
rolled-in_scale,4,rolled-in_scale_rolled-in_scale_247_2.jpg
rolled-in_scale,4,rolled-in_scale_rolled-in_scale_60_3.jpg
crazing,0,crazing_crazing_228_0.jpg
patches,2,patches_patches_296_1.jpg
patches,2,patches_patches_41_1.jpg
pitted_surface,3,pitted_surface_pitted_surface_25_4.jpg
pitted_surface,3,pitted_surface_pitted_surface_173_2.jpg
crazing,0,crazing_crazing_198_0.jpg
inclusion,1,inclusion_inclusion_40_3.jpg
rolled-in_scale,4,rolled-in_scale_rolled-in_scale_295_2.jpg
scratches,5,scratches_scratches_35_0.jpg
scratches,5,scratches_scratches_130_4.jpg
scratches,5,scratches_scratches_146_4.jpg
crazing,0,crazing_crazing_40_0.jpg
crazing,0,crazing_crazing_108_1.jpg
rolled-in_scale,4,rolled-in_scale_rolled-in_scale_6_0.jpg
patches,2,patches_patches_49_1.jpg
crazing,0,crazing_crazing_138_3.jpg
inclusion,1,inclusion_inclusion_52_1.jpg
crazing,0,crazing_crazing_47_0.jpg
pitted_surface,3,pitted_surface_pitted_surface_2_3.jpg
inclusion,1,inclusion_inclusion_174_0.jpg
patches,2,patches_patches_117_1.jpg
pitted_surface,3,pitted_surface_pitted_surface_196_3.jpg
pitted_surface,3,pitted_surface_pitted_surface_280_2.jpg
patches,2,patches_patches_202_4.jpg
inclusion,1,inclusion_inclusion_115_4.jpg
patches,2,patches_patches_111_1.jpg
patches,2,patches_patches_184_3.jpg
inclusion,1,inclusion_inclusion_127_2.jpg
pitted_surface,3,pitted_surface_pitted_surface_150_4.jpg
inclusion,1,inclusion_inclusion_8_0.jpg
crazing,0,crazing_crazing_267_2.jpg
crazing,0,crazing_crazing_17_3.jpg
scratches,5,scratches_scratches_229_2.jpg
patches,2,patches_patches_131_0.jpg
crazing,0,crazing_crazing_205_1.jpg
inclusion,1,inclusion_inclusion_261_1.jpg
pitted_surface,3,pitted_surface_pitted_surface_238_3.jpg
rolled-in_scale,4,rolled-in_scale_rolled-in_scale_109_1.jpg
rolled-in_scale,4,rolled-in_scale_rolled-in_scale_243_4.jpg
patches,2,patches_patches_142_2.jpg
patches,2,patches_patches_38_0.jpg
crazing,0,crazing_crazing_270_0.jpg
inclusion,1,inclusion_inclusion_106_3.jpg
crazing,0,crazing_crazing_148_2.jpg
inclusion,1,inclusion_inclusion_291_3.jpg
pitted_surface,3,pitted_surface_pitted_surface_13_4.jpg
patches,2,patches_patches_118_1.jpg
crazing,0,crazing_crazing_90_0.jpg
scratches,5,scratches_scratches_300_4.jpg
inclusion,1,inclusion_inclusion_142_0.jpg
pitted_surface,3,pitted_surface_pitted_surface_248_0.jpg
scratches,5,scratches_scratches_63_2.jpg
pitted_surface,3,pitted_surface_pitted_surface_157_2.jpg
pitted_surface,3,pitted_surface_pitted_surface_249_4.jpg
crazing,0,crazing_crazing_26_4.jpg
scratches,5,scratches_scratches_110_3.jpg
pitted_surface,3,pitted_surface_pitted_surface_122_4.jpg
scratches,5,scratches_scratches_42_0.jpg
scratches,5,scratches_scratches_60_4.jpg
pitted_surface,3,pitted_surface_pitted_surface_96_1.jpg
pitted_surface,3,pitted_surface_pitted_surface_93_4.jpg
crazing,0,crazing_crazing_190_1.jpg
patches,2,patches_patches_256_2.jpg
crazing,0,crazing_crazing_213_3.jpg
rolled-in_scale,4,rolled-in_scale_rolled-in_scale_294_3.jpg
pitted_surface,3,pitted_surface_pitted_surface_143_0.jpg
patches,2,patches_patches_89_3.jpg
inclusion,1,inclusion_inclusion_56_4.jpg
patches,2,patches_patches_294_2.jpg
crazing,0,crazing_crazing_158_4.jpg
rolled-in_scale,4,rolled-in_scale_rolled-in_scale_222_3.jpg
crazing,0,crazing_crazing_109_2.jpg
crazing,0,crazing_crazing_148_4.jpg
patches,2,patches_patches_252_2.jpg
rolled-in_scale,4,rolled-in_scale_rolled-in_scale_279_1.jpg
crazing,0,crazing_crazing_204_2.jpg
crazing,0,crazing_crazing_196_1.jpg
inclusion,1,inclusion_inclusion_2_2.jpg
pitted_surface,3,pitted_surface_pitted_surface_225_1.jpg
rolled-in_scale,4,rolled-in_scale_rolled-in_scale_297_0.jpg
inclusion,1,inclusion_inclusion_179_0.jpg
rolled-in_scale,4,rolled-in_scale_rolled-in_scale_8_3.jpg
crazing,0,crazing_crazing_18_1.jpg
inclusion,1,inclusion_inclusion_148_2.jpg
crazing,0,crazing_crazing_52_3.jpg
patches,2,patches_patches_153_2.jpg
scratches,5,scratches_scratches_80_3.jpg
pitted_surface,3,pitted_surface_pitted_surface_9_2.jpg
rolled-in_scale,4,rolled-in_scale_rolled-in_scale_168_4.jpg
inclusion,1,inclusion_inclusion_186_0.jpg
pitted_surface,3,pitted_surface_pitted_surface_37_3.jpg
pitted_surface,3,pitted_surface_pitted_surface_285_4.jpg
crazing,0,crazing_crazing_264_4.jpg
pitted_surface,3,pitted_surface_pitted_surface_15_3.jpg
inclusion,1,inclusion_inclusion_148_0.jpg
pitted_surface,3,pitted_surface_pitted_surface_126_0.jpg
scratches,5,scratches_scratches_175_4.jpg
inclusion,1,inclusion_inclusion_161_2.jpg
scratches,5,scratches_scratches_150_3.jpg
patches,2,patches_patches_192_3.jpg
pitted_surface,3,pitted_surface_pitted_surface_66_1.jpg
scratches,5,scratches_scratches_204_1.jpg
rolled-in_scale,4,rolled-in_scale_rolled-in_scale_161_3.jpg
pitted_surface,3,pitted_surface_pitted_surface_207_4.jpg
crazing,0,crazing_crazing_2_2.jpg
patches,2,patches_patches_73_1.jpg
patches,2,patches_patches_83_4.jpg
scratches,5,scratches_scratches_293_4.jpg
pitted_surface,3,pitted_surface_pitted_surface_277_1.jpg
inclusion,1,inclusion_inclusion_11_4.jpg
pitted_surface,3,pitted_surface_pitted_surface_116_1.jpg
scratches,5,scratches_scratches_84_2.jpg
crazing,0,crazing_crazing_11_0.jpg
rolled-in_scale,4,rolled-in_scale_rolled-in_scale_200_2.jpg
crazing,0,crazing_crazing_198_4.jpg
inclusion,1,inclusion_inclusion_10_2.jpg
crazing,0,crazing_crazing_219_3.jpg
rolled-in_scale,4,rolled-in_scale_rolled-in_scale_173_1.jpg
inclusion,1,inclusion_inclusion_269_3.jpg
scratches,5,scratches_scratches_226_0.jpg
rolled-in_scale,4,rolled-in_scale_rolled-in_scale_24_4.jpg
patches,2,patches_patches_258_4.jpg
scratches,5,scratches_scratches_225_0.jpg
pitted_surface,3,pitted_surface_pitted_surface_54_3.jpg
inclusion,1,inclusion_inclusion_276_1.jpg
patches,2,patches_patches_274_2.jpg
rolled-in_scale,4,rolled-in_scale_rolled-in_scale_67_2.jpg
patches,2,patches_patches_8_0.jpg
patches,2,patches_patches_245_0.jpg
crazing,0,crazing_crazing_56_0.jpg
inclusion,1,inclusion_inclusion_190_3.jpg
patches,2,patches_patches_195_0.jpg
pitted_surface,3,pitted_surface_pitted_surface_13_3.jpg
crazing,0,crazing_crazing_180_3.jpg
patches,2,patches_patches_99_0.jpg
pitted_surface,3,pitted_surface_pitted_surface_251_0.jpg
patches,2,patches_patches_237_1.jpg
patches,2,patches_patches_33_4.jpg
pitted_surface,3,pitted_surface_pitted_surface_142_4.jpg
rolled-in_scale,4,rolled-in_scale_rolled-in_scale_277_1.jpg
crazing,0,crazing_crazing_199_1.jpg
pitted_surface,3,pitted_surface_pitted_surface_193_2.jpg
pitted_surface,3,pitted_surface_pitted_surface_90_3.jpg
inclusion,1,inclusion_inclusion_11_3.jpg
patches,2,patches_patches_246_0.jpg
inclusion,1,inclusion_inclusion_271_3.jpg
scratches,5,scratches_scratches_203_2.jpg
inclusion,1,inclusion_inclusion_193_1.jpg
rolled-in_scale,4,rolled-in_scale_rolled-in_scale_291_4.jpg
pitted_surface,3,pitted_surface_pitted_surface_79_4.jpg
inclusion,1,inclusion_inclusion_292_3.jpg
crazing,0,crazing_crazing_137_4.jpg
crazing,0,crazing_crazing_81_1.jpg
scratches,5,scratches_scratches_106_3.jpg
crazing,0,crazing_crazing_27_4.jpg
scratches,5,scratches_scratches_81_2.jpg
patches,2,patches_patches_167_4.jpg
inclusion,1,inclusion_inclusion_187_1.jpg
pitted_surface,3,pitted_surface_pitted_surface_201_1.jpg
rolled-in_scale,4,rolled-in_scale_rolled-in_scale_247_0.jpg
pitted_surface,3,pitted_surface_pitted_surface_181_0.jpg
patches,2,patches_patches_161_3.jpg
inclusion,1,inclusion_inclusion_96_2.jpg
rolled-in_scale,4,rolled-in_scale_rolled-in_scale_62_0.jpg
patches,2,patches_patches_217_0.jpg
pitted_surface,3,pitted_surface_pitted_surface_32_4.jpg
patches,2,patches_patches_58_1.jpg
inclusion,1,inclusion_inclusion_257_2.jpg
crazing,0,crazing_crazing_168_0.jpg
pitted_surface,3,pitted_surface_pitted_surface_43_1.jpg
patches,2,patches_patches_299_0.jpg
crazing,0,crazing_crazing_162_2.jpg
patches,2,patches_patches_107_2.jpg
patches,2,patches_patches_46_1.jpg
crazing,0,crazing_crazing_124_4.jpg
patches,2,patches_patches_33_3.jpg
patches,2,patches_patches_290_1.jpg
patches,2,patches_patches_208_4.jpg
pitted_surface,3,pitted_surface_pitted_surface_207_2.jpg
pitted_surface,3,pitted_surface_pitted_surface_45_0.jpg
rolled-in_scale,4,rolled-in_scale_rolled-in_scale_236_3.jpg
rolled-in_scale,4,rolled-in_scale_rolled-in_scale_81_3.jpg
inclusion,1,inclusion_inclusion_249_4.jpg
pitted_surface,3,pitted_surface_pitted_surface_125_4.jpg
patches,2,patches_patches_63_3.jpg
patches,2,patches_patches_155_0.jpg
scratches,5,scratches_scratches_131_3.jpg
pitted_surface,3,pitted_surface_pitted_surface_103_2.jpg
pitted_surface,3,pitted_surface_pitted_surface_60_1.jpg
rolled-in_scale,4,rolled-in_scale_rolled-in_scale_36_4.jpg
patches,2,patches_patches_136_2.jpg
scratches,5,scratches_scratches_208_1.jpg
pitted_surface,3,pitted_surface_pitted_surface_37_1.jpg
rolled-in_scale,4,rolled-in_scale_rolled-in_scale_227_4.jpg
patches,2,patches_patches_170_0.jpg
rolled-in_scale,4,rolled-in_scale_rolled-in_scale_23_3.jpg
patches,2,patches_patches_57_2.jpg
patches,2,patches_patches_278_2.jpg
scratches,5,scratches_scratches_50_3.jpg
crazing,0,crazing_crazing_73_3.jpg
crazing,0,crazing_crazing_166_2.jpg
rolled-in_scale,4,rolled-in_scale_rolled-in_scale_270_4.jpg
rolled-in_scale,4,rolled-in_scale_rolled-in_scale_220_2.jpg
inclusion,1,inclusion_inclusion_282_0.jpg
pitted_surface,3,pitted_surface_pitted_surface_90_4.jpg
scratches,5,scratches_scratches_157_0.jpg
scratches,5,scratches_scratches_166_3.jpg
rolled-in_scale,4,rolled-in_scale_rolled-in_scale_224_4.jpg
inclusion,1,inclusion_inclusion_189_0.jpg
inclusion,1,inclusion_inclusion_219_4.jpg
pitted_surface,3,pitted_surface_pitted_surface_186_3.jpg
pitted_surface,3,pitted_surface_pitted_surface_136_2.jpg
scratches,5,scratches_scratches_54_2.jpg
scratches,5,scratches_scratches_298_1.jpg
scratches,5,scratches_scratches_41_1.jpg
scratches,5,scratches_scratches_274_0.jpg
rolled-in_scale,4,rolled-in_scale_rolled-in_scale_14_4.jpg
patches,2,patches_patches_30_0.jpg
crazing,0,crazing_crazing_63_3.jpg
pitted_surface,3,pitted_surface_pitted_surface_161_2.jpg
rolled-in_scale,4,rolled-in_scale_rolled-in_scale_254_4.jpg
pitted_surface,3,pitted_surface_pitted_surface_256_1.jpg
scratches,5,scratches_scratches_52_1.jpg
pitted_surface,3,pitted_surface_pitted_surface_271_4.jpg
patches,2,patches_patches_127_1.jpg
patches,2,patches_patches_198_2.jpg
scratches,5,scratches_scratches_34_2.jpg
inclusion,1,inclusion_inclusion_124_4.jpg
scratches,5,scratches_scratches_204_2.jpg
scratches,5,scratches_scratches_17_2.jpg
rolled-in_scale,4,rolled-in_scale_rolled-in_scale_32_0.jpg
patches,2,patches_patches_134_4.jpg
scratches,5,scratches_scratches_197_4.jpg
scratches,5,scratches_scratches_290_0.jpg
rolled-in_scale,4,rolled-in_scale_rolled-in_scale_95_4.jpg
pitted_surface,3,pitted_surface_pitted_surface_28_4.jpg
scratches,5,scratches_scratches_179_3.jpg
patches,2,patches_patches_183_1.jpg
patches,2,patches_patches_150_2.jpg
inclusion,1,inclusion_inclusion_46_4.jpg
pitted_surface,3,pitted_surface_pitted_surface_138_2.jpg
pitted_surface,3,pitted_surface_pitted_surface_22_3.jpg
inclusion,1,inclusion_inclusion_189_1.jpg
pitted_surface,3,pitted_surface_pitted_surface_128_1.jpg
pitted_surface,3,pitted_surface_pitted_surface_253_4.jpg
scratches,5,scratches_scratches_118_1.jpg
crazing,0,crazing_crazing_295_4.jpg
patches,2,patches_patches_75_0.jpg
pitted_surface,3,pitted_surface_pitted_surface_247_0.jpg
crazing,0,crazing_crazing_263_4.jpg
rolled-in_scale,4,rolled-in_scale_rolled-in_scale_129_1.jpg
rolled-in_scale,4,rolled-in_scale_rolled-in_scale_73_1.jpg
pitted_surface,3,pitted_surface_pitted_surface_178_4.jpg
scratches,5,scratches_scratches_40_4.jpg
rolled-in_scale,4,rolled-in_scale_rolled-in_scale_164_1.jpg
pitted_surface,3,pitted_surface_pitted_surface_95_2.jpg
crazing,0,crazing_crazing_5_0.jpg
scratches,5,scratches_scratches_11_0.jpg
patches,2,patches_patches_267_4.jpg
pitted_surface,3,pitted_surface_pitted_surface_102_1.jpg
rolled-in_scale,4,rolled-in_scale_rolled-in_scale_135_3.jpg
rolled-in_scale,4,rolled-in_scale_rolled-in_scale_96_0.jpg
scratches,5,scratches_scratches_246_1.jpg
pitted_surface,3,pitted_surface_pitted_surface_33_4.jpg
pitted_surface,3,pitted_surface_pitted_surface_11_3.jpg
inclusion,1,inclusion_inclusion_273_0.jpg
crazing,0,crazing_crazing_211_4.jpg
rolled-in_scale,4,rolled-in_scale_rolled-in_scale_249_4.jpg
pitted_surface,3,pitted_surface_pitted_surface_53_4.jpg
crazing,0,crazing_crazing_31_3.jpg
patches,2,patches_patches_43_3.jpg
inclusion,1,inclusion_inclusion_18_0.jpg
patches,2,patches_patches_152_2.jpg
scratches,5,scratches_scratches_100_4.jpg
patches,2,patches_patches_138_0.jpg
pitted_surface,3,pitted_surface_pitted_surface_283_3.jpg
patches,2,patches_patches_184_4.jpg
patches,2,patches_patches_47_2.jpg
inclusion,1,inclusion_inclusion_232_1.jpg
patches,2,patches_patches_298_3.jpg
pitted_surface,3,pitted_surface_pitted_surface_103_0.jpg
crazing,0,crazing_crazing_238_2.jpg
inclusion,1,inclusion_inclusion_225_2.jpg
scratches,5,scratches_scratches_174_1.jpg
crazing,0,crazing_crazing_202_4.jpg
rolled-in_scale,4,rolled-in_scale_rolled-in_scale_182_4.jpg
patches,2,patches_patches_73_3.jpg
scratches,5,scratches_scratches_20_1.jpg
rolled-in_scale,4,rolled-in_scale_rolled-in_scale_31_2.jpg
pitted_surface,3,pitted_surface_pitted_surface_272_1.jpg
scratches,5,scratches_scratches_219_1.jpg
patches,2,patches_patches_22_4.jpg
crazing,0,crazing_crazing_262_4.jpg
pitted_surface,3,pitted_surface_pitted_surface_227_0.jpg
inclusion,1,inclusion_inclusion_16_3.jpg
scratches,5,scratches_scratches_237_4.jpg
patches,2,patches_patches_261_4.jpg
crazing,0,crazing_crazing_71_2.jpg
crazing,0,crazing_crazing_4_3.jpg
crazing,0,crazing_crazing_274_0.jpg
scratches,5,scratches_scratches_225_3.jpg
inclusion,1,inclusion_inclusion_42_3.jpg
pitted_surface,3,pitted_surface_pitted_surface_101_2.jpg
inclusion,1,inclusion_inclusion_123_4.jpg
rolled-in_scale,4,rolled-in_scale_rolled-in_scale_264_4.jpg
scratches,5,scratches_scratches_54_0.jpg
crazing,0,crazing_crazing_123_1.jpg
scratches,5,scratches_scratches_194_4.jpg
patches,2,patches_patches_26_4.jpg
scratches,5,scratches_scratches_262_1.jpg
scratches,5,scratches_scratches_154_4.jpg
inclusion,1,inclusion_inclusion_108_4.jpg
crazing,0,crazing_crazing_182_2.jpg
inclusion,1,inclusion_inclusion_200_0.jpg
inclusion,1,inclusion_inclusion_67_2.jpg
scratches,5,scratches_scratches_38_2.jpg
inclusion,1,inclusion_inclusion_192_2.jpg
pitted_surface,3,pitted_surface_pitted_surface_183_2.jpg
patches,2,patches_patches_181_3.jpg
pitted_surface,3,pitted_surface_pitted_surface_285_3.jpg
crazing,0,crazing_crazing_57_0.jpg
rolled-in_scale,4,rolled-in_scale_rolled-in_scale_204_4.jpg
scratches,5,scratches_scratches_285_3.jpg
inclusion,1,inclusion_inclusion_278_0.jpg
pitted_surface,3,pitted_surface_pitted_surface_137_2.jpg
scratches,5,scratches_scratches_9_1.jpg
pitted_surface,3,pitted_surface_pitted_surface_126_1.jpg
inclusion,1,inclusion_inclusion_94_3.jpg
pitted_surface,3,pitted_surface_pitted_surface_120_1.jpg
inclusion,1,inclusion_inclusion_99_4.jpg
pitted_surface,3,pitted_surface_pitted_surface_233_0.jpg
patches,2,patches_patches_287_4.jpg
pitted_surface,3,pitted_surface_pitted_surface_151_0.jpg
crazing,0,crazing_crazing_236_2.jpg
crazing,0,crazing_crazing_3_1.jpg
crazing,0,crazing_crazing_209_1.jpg
scratches,5,scratches_scratches_175_2.jpg
crazing,0,crazing_crazing_269_1.jpg
pitted_surface,3,pitted_surface_pitted_surface_223_1.jpg
patches,2,patches_patches_284_4.jpg
rolled-in_scale,4,rolled-in_scale_rolled-in_scale_246_0.jpg
crazing,0,crazing_crazing_17_4.jpg
scratches,5,scratches_scratches_53_0.jpg
scratches,5,scratches_scratches_147_0.jpg
crazing,0,crazing_crazing_153_2.jpg
pitted_surface,3,pitted_surface_pitted_surface_170_2.jpg
scratches,5,scratches_scratches_169_2.jpg
pitted_surface,3,pitted_surface_pitted_surface_168_1.jpg
inclusion,1,inclusion_inclusion_147_0.jpg
patches,2,patches_patches_192_2.jpg
scratches,5,scratches_scratches_198_0.jpg
patches,2,patches_patches_143_4.jpg
pitted_surface,3,pitted_surface_pitted_surface_128_3.jpg
scratches,5,scratches_scratches_122_0.jpg
crazing,0,crazing_crazing_295_0.jpg
rolled-in_scale,4,rolled-in_scale_rolled-in_scale_129_2.jpg
patches,2,patches_patches_101_4.jpg
patches,2,patches_patches_6_4.jpg
inclusion,1,inclusion_inclusion_63_3.jpg
patches,2,patches_patches_226_1.jpg
inclusion,1,inclusion_inclusion_122_4.jpg
pitted_surface,3,pitted_surface_pitted_surface_80_1.jpg
scratches,5,scratches_scratches_159_1.jpg
inclusion,1,inclusion_inclusion_273_4.jpg
crazing,0,crazing_crazing_148_0.jpg
scratches,5,scratches_scratches_127_4.jpg
crazing,0,crazing_crazing_154_2.jpg
scratches,5,scratches_scratches_280_1.jpg
crazing,0,crazing_crazing_106_1.jpg
patches,2,patches_patches_137_1.jpg
rolled-in_scale,4,rolled-in_scale_rolled-in_scale_34_1.jpg
patches,2,patches_patches_32_1.jpg
scratches,5,scratches_scratches_221_4.jpg
inclusion,1,inclusion_inclusion_19_2.jpg
inclusion,1,inclusion_inclusion_61_1.jpg
rolled-in_scale,4,rolled-in_scale_rolled-in_scale_147_0.jpg
pitted_surface,3,pitted_surface_pitted_surface_192_4.jpg
inclusion,1,inclusion_inclusion_30_4.jpg
pitted_surface,3,pitted_surface_pitted_surface_84_1.jpg
rolled-in_scale,4,rolled-in_scale_rolled-in_scale_294_4.jpg
patches,2,patches_patches_205_2.jpg
pitted_surface,3,pitted_surface_pitted_surface_104_4.jpg
scratches,5,scratches_scratches_148_1.jpg
crazing,0,crazing_crazing_219_0.jpg
pitted_surface,3,pitted_surface_pitted_surface_117_2.jpg
rolled-in_scale,4,rolled-in_scale_rolled-in_scale_31_1.jpg
scratches,5,scratches_scratches_209_2.jpg
pitted_surface,3,pitted_surface_pitted_surface_104_2.jpg
crazing,0,crazing_crazing_176_0.jpg
rolled-in_scale,4,rolled-in_scale_rolled-in_scale_60_2.jpg
patches,2,patches_patches_54_1.jpg
patches,2,patches_patches_103_4.jpg
scratches,5,scratches_scratches_85_1.jpg
pitted_surface,3,pitted_surface_pitted_surface_62_3.jpg
inclusion,1,inclusion_inclusion_211_2.jpg
inclusion,1,inclusion_inclusion_288_3.jpg
pitted_surface,3,pitted_surface_pitted_surface_240_0.jpg
scratches,5,scratches_scratches_129_2.jpg
inclusion,1,inclusion_inclusion_95_2.jpg
pitted_surface,3,pitted_surface_pitted_surface_191_0.jpg
scratches,5,scratches_scratches_248_2.jpg
inclusion,1,inclusion_inclusion_130_0.jpg
inclusion,1,inclusion_inclusion_211_1.jpg
patches,2,patches_patches_187_2.jpg
pitted_surface,3,pitted_surface_pitted_surface_233_2.jpg
patches,2,patches_patches_100_4.jpg
scratches,5,scratches_scratches_212_0.jpg
rolled-in_scale,4,rolled-in_scale_rolled-in_scale_105_4.jpg
rolled-in_scale,4,rolled-in_scale_rolled-in_scale_42_1.jpg
patches,2,patches_patches_138_4.jpg
scratches,5,scratches_scratches_245_4.jpg
scratches,5,scratches_scratches_132_0.jpg
crazing,0,crazing_crazing_142_0.jpg
inclusion,1,inclusion_inclusion_244_0.jpg
inclusion,1,inclusion_inclusion_147_3.jpg
rolled-in_scale,4,rolled-in_scale_rolled-in_scale_131_1.jpg
inclusion,1,inclusion_inclusion_247_4.jpg
scratches,5,scratches_scratches_242_3.jpg
crazing,0,crazing_crazing_188_0.jpg
crazing,0,crazing_crazing_164_1.jpg
inclusion,1,inclusion_inclusion_249_3.jpg
pitted_surface,3,pitted_surface_pitted_surface_106_2.jpg
rolled-in_scale,4,rolled-in_scale_rolled-in_scale_194_0.jpg
scratches,5,scratches_scratches_78_2.jpg
crazing,0,crazing_crazing_52_0.jpg
rolled-in_scale,4,rolled-in_scale_rolled-in_scale_81_1.jpg
scratches,5,scratches_scratches_237_3.jpg
patches,2,patches_patches_184_2.jpg
inclusion,1,inclusion_inclusion_65_4.jpg
rolled-in_scale,4,rolled-in_scale_rolled-in_scale_91_2.jpg
scratches,5,scratches_scratches_231_3.jpg
rolled-in_scale,4,rolled-in_scale_rolled-in_scale_275_4.jpg
rolled-in_scale,4,rolled-in_scale_rolled-in_scale_108_3.jpg
patches,2,patches_patches_91_0.jpg
scratches,5,scratches_scratches_160_3.jpg
scratches,5,scratches_scratches_266_4.jpg
rolled-in_scale,4,rolled-in_scale_rolled-in_scale_135_0.jpg
rolled-in_scale,4,rolled-in_scale_rolled-in_scale_233_3.jpg
crazing,0,crazing_crazing_283_4.jpg
pitted_surface,3,pitted_surface_pitted_surface_202_0.jpg
rolled-in_scale,4,rolled-in_scale_rolled-in_scale_17_0.jpg
rolled-in_scale,4,rolled-in_scale_rolled-in_scale_135_2.jpg
pitted_surface,3,pitted_surface_pitted_surface_245_4.jpg
inclusion,1,inclusion_inclusion_6_3.jpg
scratches,5,scratches_scratches_101_3.jpg
patches,2,patches_patches_258_3.jpg
pitted_surface,3,pitted_surface_pitted_surface_140_0.jpg
pitted_surface,3,pitted_surface_pitted_surface_72_1.jpg
crazing,0,crazing_crazing_89_0.jpg
inclusion,1,inclusion_inclusion_254_4.jpg
crazing,0,crazing_crazing_210_0.jpg
crazing,0,crazing_crazing_46_1.jpg
patches,2,patches_patches_225_4.jpg
scratches,5,scratches_scratches_44_1.jpg
pitted_surface,3,pitted_surface_pitted_surface_293_1.jpg
patches,2,patches_patches_231_2.jpg
rolled-in_scale,4,rolled-in_scale_rolled-in_scale_267_0.jpg
inclusion,1,inclusion_inclusion_278_4.jpg
pitted_surface,3,pitted_surface_pitted_surface_75_4.jpg
pitted_surface,3,pitted_surface_pitted_surface_162_3.jpg
rolled-in_scale,4,rolled-in_scale_rolled-in_scale_249_0.jpg
crazing,0,crazing_crazing_30_3.jpg
pitted_surface,3,pitted_surface_pitted_surface_178_2.jpg
patches,2,patches_patches_167_0.jpg
crazing,0,crazing_crazing_61_3.jpg
scratches,5,scratches_scratches_210_3.jpg
scratches,5,scratches_scratches_68_1.jpg
rolled-in_scale,4,rolled-in_scale_rolled-in_scale_287_2.jpg
crazing,0,crazing_crazing_168_2.jpg
rolled-in_scale,4,rolled-in_scale_rolled-in_scale_262_2.jpg
crazing,0,crazing_crazing_112_2.jpg
scratches,5,scratches_scratches_152_4.jpg
pitted_surface,3,pitted_surface_pitted_surface_140_2.jpg
rolled-in_scale,4,rolled-in_scale_rolled-in_scale_137_0.jpg
pitted_surface,3,pitted_surface_pitted_surface_50_3.jpg
patches,2,patches_patches_299_3.jpg
rolled-in_scale,4,rolled-in_scale_rolled-in_scale_182_0.jpg
rolled-in_scale,4,rolled-in_scale_rolled-in_scale_267_2.jpg
scratches,5,scratches_scratches_295_3.jpg
patches,2,patches_patches_207_0.jpg
pitted_surface,3,pitted_surface_pitted_surface_28_1.jpg
pitted_surface,3,pitted_surface_pitted_surface_167_3.jpg
rolled-in_scale,4,rolled-in_scale_rolled-in_scale_270_1.jpg
scratches,5,scratches_scratches_23_2.jpg
scratches,5,scratches_scratches_102_1.jpg
scratches,5,scratches_scratches_1_2.jpg
rolled-in_scale,4,rolled-in_scale_rolled-in_scale_263_2.jpg
pitted_surface,3,pitted_surface_pitted_surface_251_4.jpg
scratches,5,scratches_scratches_48_3.jpg
inclusion,1,inclusion_inclusion_130_4.jpg
inclusion,1,inclusion_inclusion_92_2.jpg
inclusion,1,inclusion_inclusion_198_4.jpg
pitted_surface,3,pitted_surface_pitted_surface_95_3.jpg
rolled-in_scale,4,rolled-in_scale_rolled-in_scale_68_4.jpg
crazing,0,crazing_crazing_245_4.jpg
scratches,5,scratches_scratches_47_4.jpg
patches,2,patches_patches_59_0.jpg
inclusion,1,inclusion_inclusion_101_2.jpg
rolled-in_scale,4,rolled-in_scale_rolled-in_scale_109_4.jpg
crazing,0,crazing_crazing_34_2.jpg
scratches,5,scratches_scratches_183_3.jpg
patches,2,patches_patches_10_0.jpg
rolled-in_scale,4,rolled-in_scale_rolled-in_scale_239_2.jpg
scratches,5,scratches_scratches_116_2.jpg
inclusion,1,inclusion_inclusion_149_4.jpg
scratches,5,scratches_scratches_57_4.jpg
rolled-in_scale,4,rolled-in_scale_rolled-in_scale_70_2.jpg
scratches,5,scratches_scratches_288_3.jpg
crazing,0,crazing_crazing_235_2.jpg
rolled-in_scale,4,rolled-in_scale_rolled-in_scale_58_4.jpg
inclusion,1,inclusion_inclusion_144_3.jpg
crazing,0,crazing_crazing_48_1.jpg
crazing,0,crazing_crazing_175_0.jpg
inclusion,1,inclusion_inclusion_29_0.jpg
pitted_surface,3,pitted_surface_pitted_surface_204_3.jpg
inclusion,1,inclusion_inclusion_77_2.jpg
pitted_surface,3,pitted_surface_pitted_surface_106_4.jpg
patches,2,patches_patches_235_4.jpg
inclusion,1,inclusion_inclusion_183_4.jpg
rolled-in_scale,4,rolled-in_scale_rolled-in_scale_27_4.jpg
pitted_surface,3,pitted_surface_pitted_surface_259_4.jpg
crazing,0,crazing_crazing_241_2.jpg
scratches,5,scratches_scratches_89_3.jpg
rolled-in_scale,4,rolled-in_scale_rolled-in_scale_56_2.jpg
scratches,5,scratches_scratches_104_4.jpg
rolled-in_scale,4,rolled-in_scale_rolled-in_scale_141_4.jpg
pitted_surface,3,pitted_surface_pitted_surface_157_3.jpg
inclusion,1,inclusion_inclusion_266_3.jpg
crazing,0,crazing_crazing_253_2.jpg
patches,2,patches_patches_20_0.jpg
scratches,5,scratches_scratches_67_1.jpg
inclusion,1,inclusion_inclusion_145_3.jpg
crazing,0,crazing_crazing_281_3.jpg
patches,2,patches_patches_174_2.jpg
rolled-in_scale,4,rolled-in_scale_rolled-in_scale_8_0.jpg
inclusion,1,inclusion_inclusion_157_3.jpg
patches,2,patches_patches_226_3.jpg
patches,2,patches_patches_143_1.jpg
pitted_surface,3,pitted_surface_pitted_surface_216_2.jpg
crazing,0,crazing_crazing_155_4.jpg
inclusion,1,inclusion_inclusion_72_2.jpg
scratches,5,scratches_scratches_171_4.jpg
patches,2,patches_patches_162_2.jpg
patches,2,patches_patches_186_0.jpg
patches,2,patches_patches_148_0.jpg
rolled-in_scale,4,rolled-in_scale_rolled-in_scale_4_0.jpg
patches,2,patches_patches_230_3.jpg
crazing,0,crazing_crazing_167_0.jpg
inclusion,1,inclusion_inclusion_182_3.jpg
scratches,5,scratches_scratches_153_1.jpg
patches,2,patches_patches_89_1.jpg
crazing,0,crazing_crazing_255_3.jpg
crazing,0,crazing_crazing_259_2.jpg
crazing,0,crazing_crazing_181_1.jpg
crazing,0,crazing_crazing_237_0.jpg
patches,2,patches_patches_175_4.jpg
scratches,5,scratches_scratches_263_0.jpg
inclusion,1,inclusion_inclusion_237_1.jpg
scratches,5,scratches_scratches_184_4.jpg
scratches,5,scratches_scratches_57_1.jpg
inclusion,1,inclusion_inclusion_270_3.jpg
pitted_surface,3,pitted_surface_pitted_surface_275_4.jpg
inclusion,1,inclusion_inclusion_145_2.jpg
patches,2,patches_patches_277_1.jpg
scratches,5,scratches_scratches_94_2.jpg
pitted_surface,3,pitted_surface_pitted_surface_182_3.jpg
inclusion,1,inclusion_inclusion_169_4.jpg
patches,2,patches_patches_212_3.jpg
pitted_surface,3,pitted_surface_pitted_surface_69_0.jpg
inclusion,1,inclusion_inclusion_230_4.jpg
inclusion,1,inclusion_inclusion_195_2.jpg
patches,2,patches_patches_187_3.jpg
rolled-in_scale,4,rolled-in_scale_rolled-in_scale_7_1.jpg
patches,2,patches_patches_59_1.jpg
patches,2,patches_patches_30_4.jpg
rolled-in_scale,4,rolled-in_scale_rolled-in_scale_31_0.jpg
crazing,0,crazing_crazing_112_4.jpg
crazing,0,crazing_crazing_203_3.jpg
crazing,0,crazing_crazing_259_0.jpg
scratches,5,scratches_scratches_148_3.jpg
scratches,5,scratches_scratches_78_3.jpg
patches,2,patches_patches_196_1.jpg
crazing,0,crazing_crazing_98_4.jpg
inclusion,1,inclusion_inclusion_213_0.jpg
pitted_surface,3,pitted_surface_pitted_surface_197_0.jpg
crazing,0,crazing_crazing_130_2.jpg
patches,2,patches_patches_123_0.jpg
scratches,5,scratches_scratches_299_1.jpg
scratches,5,scratches_scratches_48_4.jpg
pitted_surface,3,pitted_surface_pitted_surface_32_2.jpg
crazing,0,crazing_crazing_144_0.jpg
pitted_surface,3,pitted_surface_pitted_surface_260_0.jpg
inclusion,1,inclusion_inclusion_112_1.jpg
rolled-in_scale,4,rolled-in_scale_rolled-in_scale_29_4.jpg
crazing,0,crazing_crazing_67_3.jpg
rolled-in_scale,4,rolled-in_scale_rolled-in_scale_14_1.jpg
scratches,5,scratches_scratches_265_1.jpg
crazing,0,crazing_crazing_160_2.jpg
patches,2,patches_patches_29_0.jpg
scratches,5,scratches_scratches_137_2.jpg
patches,2,patches_patches_104_4.jpg
scratches,5,scratches_scratches_141_4.jpg
inclusion,1,inclusion_inclusion_231_1.jpg
pitted_surface,3,pitted_surface_pitted_surface_91_4.jpg
inclusion,1,inclusion_inclusion_240_4.jpg
scratches,5,scratches_scratches_288_1.jpg
scratches,5,scratches_scratches_70_3.jpg
patches,2,patches_patches_3_3.jpg
scratches,5,scratches_scratches_261_2.jpg
pitted_surface,3,pitted_surface_pitted_surface_211_3.jpg
scratches,5,scratches_scratches_251_3.jpg
crazing,0,crazing_crazing_7_3.jpg
pitted_surface,3,pitted_surface_pitted_surface_113_1.jpg
scratches,5,scratches_scratches_154_2.jpg
crazing,0,crazing_crazing_79_0.jpg
scratches,5,scratches_scratches_37_3.jpg
crazing,0,crazing_crazing_9_4.jpg
inclusion,1,inclusion_inclusion_220_1.jpg
pitted_surface,3,pitted_surface_pitted_surface_110_3.jpg
inclusion,1,inclusion_inclusion_196_1.jpg
inclusion,1,inclusion_inclusion_108_3.jpg
pitted_surface,3,pitted_surface_pitted_surface_44_1.jpg
pitted_surface,3,pitted_surface_pitted_surface_78_0.jpg
patches,2,patches_patches_122_4.jpg
pitted_surface,3,pitted_surface_pitted_surface_134_2.jpg
patches,2,patches_patches_260_2.jpg
pitted_surface,3,pitted_surface_pitted_surface_111_2.jpg
pitted_surface,3,pitted_surface_pitted_surface_264_3.jpg
crazing,0,crazing_crazing_221_2.jpg
inclusion,1,inclusion_inclusion_154_4.jpg
patches,2,patches_patches_211_2.jpg
crazing,0,crazing_crazing_18_2.jpg
scratches,5,scratches_scratches_274_2.jpg
crazing,0,crazing_crazing_155_2.jpg
rolled-in_scale,4,rolled-in_scale_rolled-in_scale_129_0.jpg
crazing,0,crazing_crazing_143_3.jpg
pitted_surface,3,pitted_surface_pitted_surface_75_1.jpg
patches,2,patches_patches_75_3.jpg
pitted_surface,3,pitted_surface_pitted_surface_48_0.jpg
inclusion,1,inclusion_inclusion_265_1.jpg
patches,2,patches_patches_59_2.jpg
scratches,5,scratches_scratches_38_0.jpg
inclusion,1,inclusion_inclusion_14_0.jpg
rolled-in_scale,4,rolled-in_scale_rolled-in_scale_19_4.jpg
patches,2,patches_patches_113_3.jpg
pitted_surface,3,pitted_surface_pitted_surface_199_3.jpg
crazing,0,crazing_crazing_95_2.jpg
scratches,5,scratches_scratches_289_3.jpg
crazing,0,crazing_crazing_227_4.jpg
inclusion,1,inclusion_inclusion_245_2.jpg
inclusion,1,inclusion_inclusion_39_4.jpg
pitted_surface,3,pitted_surface_pitted_surface_1_0.jpg
patches,2,patches_patches_224_2.jpg
patches,2,patches_patches_119_3.jpg
inclusion,1,inclusion_inclusion_188_2.jpg
rolled-in_scale,4,rolled-in_scale_rolled-in_scale_229_4.jpg
inclusion,1,inclusion_inclusion_251_2.jpg
crazing,0,crazing_crazing_44_2.jpg
patches,2,patches_patches_300_1.jpg
pitted_surface,3,pitted_surface_pitted_surface_143_2.jpg
rolled-in_scale,4,rolled-in_scale_rolled-in_scale_267_4.jpg
pitted_surface,3,pitted_surface_pitted_surface_167_1.jpg
inclusion,1,inclusion_inclusion_200_1.jpg
pitted_surface,3,pitted_surface_pitted_surface_79_3.jpg
crazing,0,crazing_crazing_189_4.jpg
inclusion,1,inclusion_inclusion_219_2.jpg
inclusion,1,inclusion_inclusion_4_2.jpg
patches,2,patches_patches_224_4.jpg
pitted_surface,3,pitted_surface_pitted_surface_212_2.jpg
pitted_surface,3,pitted_surface_pitted_surface_10_3.jpg
pitted_surface,3,pitted_surface_pitted_surface_12_2.jpg
scratches,5,scratches_scratches_286_3.jpg
rolled-in_scale,4,rolled-in_scale_rolled-in_scale_123_0.jpg
inclusion,1,inclusion_inclusion_107_2.jpg
scratches,5,scratches_scratches_115_3.jpg
pitted_surface,3,pitted_surface_pitted_surface_41_3.jpg
patches,2,patches_patches_243_4.jpg
rolled-in_scale,4,rolled-in_scale_rolled-in_scale_147_3.jpg
rolled-in_scale,4,rolled-in_scale_rolled-in_scale_277_0.jpg
scratches,5,scratches_scratches_39_2.jpg
inclusion,1,inclusion_inclusion_2_0.jpg
inclusion,1,inclusion_inclusion_3_0.jpg
pitted_surface,3,pitted_surface_pitted_surface_91_1.jpg
rolled-in_scale,4,rolled-in_scale_rolled-in_scale_186_2.jpg
scratches,5,scratches_scratches_22_3.jpg
inclusion,1,inclusion_inclusion_162_4.jpg
crazing,0,crazing_crazing_98_1.jpg
patches,2,patches_patches_296_3.jpg
rolled-in_scale,4,rolled-in_scale_rolled-in_scale_35_3.jpg
inclusion,1,inclusion_inclusion_185_3.jpg
pitted_surface,3,pitted_surface_pitted_surface_9_1.jpg
rolled-in_scale,4,rolled-in_scale_rolled-in_scale_107_3.jpg
patches,2,patches_patches_38_2.jpg
pitted_surface,3,pitted_surface_pitted_surface_204_4.jpg
pitted_surface,3,pitted_surface_pitted_surface_101_0.jpg
pitted_surface,3,pitted_surface_pitted_surface_146_3.jpg
pitted_surface,3,pitted_surface_pitted_surface_150_0.jpg
pitted_surface,3,pitted_surface_pitted_surface_75_0.jpg
crazing,0,crazing_crazing_243_2.jpg
rolled-in_scale,4,rolled-in_scale_rolled-in_scale_296_0.jpg
crazing,0,crazing_crazing_74_0.jpg
rolled-in_scale,4,rolled-in_scale_rolled-in_scale_167_4.jpg
rolled-in_scale,4,rolled-in_scale_rolled-in_scale_76_4.jpg
patches,2,patches_patches_98_2.jpg
inclusion,1,inclusion_inclusion_221_1.jpg
scratches,5,scratches_scratches_61_2.jpg
rolled-in_scale,4,rolled-in_scale_rolled-in_scale_15_0.jpg
patches,2,patches_patches_244_0.jpg
inclusion,1,inclusion_inclusion_97_2.jpg
crazing,0,crazing_crazing_295_2.jpg
crazing,0,crazing_crazing_174_2.jpg
inclusion,1,inclusion_inclusion_166_1.jpg
pitted_surface,3,pitted_surface_pitted_surface_168_4.jpg
pitted_surface,3,pitted_surface_pitted_surface_234_2.jpg
scratches,5,scratches_scratches_262_3.jpg
scratches,5,scratches_scratches_187_1.jpg
rolled-in_scale,4,rolled-in_scale_rolled-in_scale_57_3.jpg
rolled-in_scale,4,rolled-in_scale_rolled-in_scale_140_3.jpg
patches,2,patches_patches_70_0.jpg
scratches,5,scratches_scratches_247_3.jpg
crazing,0,crazing_crazing_60_0.jpg
patches,2,patches_patches_93_0.jpg
pitted_surface,3,pitted_surface_pitted_surface_139_4.jpg
crazing,0,crazing_crazing_264_1.jpg
patches,2,patches_patches_279_4.jpg
rolled-in_scale,4,rolled-in_scale_rolled-in_scale_260_4.jpg
rolled-in_scale,4,rolled-in_scale_rolled-in_scale_42_0.jpg
rolled-in_scale,4,rolled-in_scale_rolled-in_scale_122_2.jpg
rolled-in_scale,4,rolled-in_scale_rolled-in_scale_125_3.jpg
inclusion,1,inclusion_inclusion_47_0.jpg
inclusion,1,inclusion_inclusion_147_2.jpg
pitted_surface,3,pitted_surface_pitted_surface_209_1.jpg
scratches,5,scratches_scratches_177_4.jpg
rolled-in_scale,4,rolled-in_scale_rolled-in_scale_71_0.jpg
patches,2,patches_patches_50_2.jpg
scratches,5,scratches_scratches_90_1.jpg
crazing,0,crazing_crazing_163_4.jpg
scratches,5,scratches_scratches_99_3.jpg
pitted_surface,3,pitted_surface_pitted_surface_218_3.jpg
patches,2,patches_patches_92_1.jpg
inclusion,1,inclusion_inclusion_245_0.jpg
scratches,5,scratches_scratches_252_3.jpg
rolled-in_scale,4,rolled-in_scale_rolled-in_scale_140_2.jpg
rolled-in_scale,4,rolled-in_scale_rolled-in_scale_166_4.jpg
pitted_surface,3,pitted_surface_pitted_surface_120_3.jpg
crazing,0,crazing_crazing_212_4.jpg
crazing,0,crazing_crazing_272_3.jpg
pitted_surface,3,pitted_surface_pitted_surface_64_0.jpg
inclusion,1,inclusion_inclusion_164_1.jpg
crazing,0,crazing_crazing_191_4.jpg
pitted_surface,3,pitted_surface_pitted_surface_80_0.jpg
crazing,0,crazing_crazing_47_4.jpg
inclusion,1,inclusion_inclusion_17_1.jpg
rolled-in_scale,4,rolled-in_scale_rolled-in_scale_225_3.jpg
pitted_surface,3,pitted_surface_pitted_surface_221_1.jpg
rolled-in_scale,4,rolled-in_scale_rolled-in_scale_105_1.jpg
rolled-in_scale,4,rolled-in_scale_rolled-in_scale_280_2.jpg
pitted_surface,3,pitted_surface_pitted_surface_48_3.jpg
inclusion,1,inclusion_inclusion_89_0.jpg
crazing,0,crazing_crazing_97_4.jpg
patches,2,patches_patches_69_1.jpg
inclusion,1,inclusion_inclusion_24_2.jpg
patches,2,patches_patches_232_2.jpg
crazing,0,crazing_crazing_299_1.jpg
pitted_surface,3,pitted_surface_pitted_surface_132_0.jpg
pitted_surface,3,pitted_surface_pitted_surface_230_0.jpg
crazing,0,crazing_crazing_36_1.jpg
inclusion,1,inclusion_inclusion_235_4.jpg
inclusion,1,inclusion_inclusion_297_4.jpg
rolled-in_scale,4,rolled-in_scale_rolled-in_scale_51_0.jpg
scratches,5,scratches_scratches_253_3.jpg
scratches,5,scratches_scratches_71_0.jpg
pitted_surface,3,pitted_surface_pitted_surface_10_4.jpg
scratches,5,scratches_scratches_99_4.jpg
rolled-in_scale,4,rolled-in_scale_rolled-in_scale_177_1.jpg
inclusion,1,inclusion_inclusion_296_1.jpg
inclusion,1,inclusion_inclusion_215_2.jpg
crazing,0,crazing_crazing_150_0.jpg
scratches,5,scratches_scratches_191_2.jpg
pitted_surface,3,pitted_surface_pitted_surface_77_1.jpg
crazing,0,crazing_crazing_265_1.jpg
patches,2,patches_patches_8_3.jpg
pitted_surface,3,pitted_surface_pitted_surface_113_3.jpg
inclusion,1,inclusion_inclusion_184_1.jpg
pitted_surface,3,pitted_surface_pitted_surface_151_3.jpg
inclusion,1,inclusion_inclusion_58_1.jpg
crazing,0,crazing_crazing_179_4.jpg
inclusion,1,inclusion_inclusion_12_4.jpg
scratches,5,scratches_scratches_167_4.jpg
scratches,5,scratches_scratches_13_2.jpg
scratches,5,scratches_scratches_108_2.jpg
inclusion,1,inclusion_inclusion_214_0.jpg
pitted_surface,3,pitted_surface_pitted_surface_239_0.jpg
patches,2,patches_patches_221_1.jpg
inclusion,1,inclusion_inclusion_108_0.jpg
rolled-in_scale,4,rolled-in_scale_rolled-in_scale_39_4.jpg
rolled-in_scale,4,rolled-in_scale_rolled-in_scale_293_2.jpg
scratches,5,scratches_scratches_103_4.jpg
rolled-in_scale,4,rolled-in_scale_rolled-in_scale_56_3.jpg
patches,2,patches_patches_263_1.jpg
pitted_surface,3,pitted_surface_pitted_surface_54_2.jpg
inclusion,1,inclusion_inclusion_123_2.jpg
rolled-in_scale,4,rolled-in_scale_rolled-in_scale_17_4.jpg
pitted_surface,3,pitted_surface_pitted_surface_100_1.jpg
inclusion,1,inclusion_inclusion_137_4.jpg
rolled-in_scale,4,rolled-in_scale_rolled-in_scale_8_1.jpg
inclusion,1,inclusion_inclusion_62_4.jpg
rolled-in_scale,4,rolled-in_scale_rolled-in_scale_206_0.jpg
patches,2,patches_patches_53_0.jpg
inclusion,1,inclusion_inclusion_68_4.jpg
rolled-in_scale,4,rolled-in_scale_rolled-in_scale_211_2.jpg
inclusion,1,inclusion_inclusion_23_1.jpg
pitted_surface,3,pitted_surface_pitted_surface_210_4.jpg
scratches,5,scratches_scratches_285_2.jpg
patches,2,patches_patches_194_4.jpg
patches,2,patches_patches_136_0.jpg
crazing,0,crazing_crazing_141_1.jpg
pitted_surface,3,pitted_surface_pitted_surface_164_1.jpg
inclusion,1,inclusion_inclusion_244_4.jpg
crazing,0,crazing_crazing_130_4.jpg
patches,2,patches_patches_180_2.jpg
scratches,5,scratches_scratches_216_1.jpg
crazing,0,crazing_crazing_271_3.jpg
inclusion,1,inclusion_inclusion_39_2.jpg
scratches,5,scratches_scratches_19_4.jpg
crazing,0,crazing_crazing_249_2.jpg
inclusion,1,inclusion_inclusion_281_1.jpg
crazing,0,crazing_crazing_294_0.jpg
patches,2,patches_patches_62_2.jpg
scratches,5,scratches_scratches_296_3.jpg
pitted_surface,3,pitted_surface_pitted_surface_64_4.jpg
inclusion,1,inclusion_inclusion_46_0.jpg
pitted_surface,3,pitted_surface_pitted_surface_13_1.jpg
rolled-in_scale,4,rolled-in_scale_rolled-in_scale_224_1.jpg
inclusion,1,inclusion_inclusion_199_0.jpg
pitted_surface,3,pitted_surface_pitted_surface_190_1.jpg
crazing,0,crazing_crazing_161_3.jpg
scratches,5,scratches_scratches_284_3.jpg
pitted_surface,3,pitted_surface_pitted_surface_127_2.jpg
crazing,0,crazing_crazing_154_4.jpg
inclusion,1,inclusion_inclusion_259_2.jpg
scratches,5,scratches_scratches_97_0.jpg
scratches,5,scratches_scratches_160_4.jpg
inclusion,1,inclusion_inclusion_123_1.jpg
inclusion,1,inclusion_inclusion_117_4.jpg
crazing,0,crazing_crazing_5_3.jpg
patches,2,patches_patches_158_2.jpg
scratches,5,scratches_scratches_179_4.jpg
inclusion,1,inclusion_inclusion_8_3.jpg
scratches,5,scratches_scratches_162_3.jpg
pitted_surface,3,pitted_surface_pitted_surface_98_0.jpg
crazing,0,crazing_crazing_59_1.jpg
crazing,0,crazing_crazing_284_2.jpg
rolled-in_scale,4,rolled-in_scale_rolled-in_scale_257_4.jpg
pitted_surface,3,pitted_surface_pitted_surface_88_1.jpg
inclusion,1,inclusion_inclusion_11_0.jpg
pitted_surface,3,pitted_surface_pitted_surface_75_2.jpg
pitted_surface,3,pitted_surface_pitted_surface_15_1.jpg
scratches,5,scratches_scratches_218_0.jpg
inclusion,1,inclusion_inclusion_44_2.jpg
rolled-in_scale,4,rolled-in_scale_rolled-in_scale_60_0.jpg
inclusion,1,inclusion_inclusion_215_0.jpg
scratches,5,scratches_scratches_268_0.jpg
inclusion,1,inclusion_inclusion_69_2.jpg
scratches,5,scratches_scratches_201_2.jpg
inclusion,1,inclusion_inclusion_99_0.jpg
rolled-in_scale,4,rolled-in_scale_rolled-in_scale_57_2.jpg
inclusion,1,inclusion_inclusion_273_2.jpg
scratches,5,scratches_scratches_147_2.jpg
scratches,5,scratches_scratches_252_4.jpg
inclusion,1,inclusion_inclusion_148_1.jpg
inclusion,1,inclusion_inclusion_52_4.jpg
pitted_surface,3,pitted_surface_pitted_surface_229_3.jpg
crazing,0,crazing_crazing_194_4.jpg
patches,2,patches_patches_54_3.jpg
rolled-in_scale,4,rolled-in_scale_rolled-in_scale_8_2.jpg
inclusion,1,inclusion_inclusion_235_2.jpg
scratches,5,scratches_scratches_83_1.jpg
patches,2,patches_patches_155_3.jpg
scratches,5,scratches_scratches_146_2.jpg
scratches,5,scratches_scratches_178_4.jpg
inclusion,1,inclusion_inclusion_182_1.jpg
scratches,5,scratches_scratches_184_1.jpg
scratches,5,scratches_scratches_23_4.jpg
patches,2,patches_patches_117_0.jpg
crazing,0,crazing_crazing_244_4.jpg
scratches,5,scratches_scratches_161_2.jpg
scratches,5,scratches_scratches_279_4.jpg
crazing,0,crazing_crazing_121_0.jpg
crazing,0,crazing_crazing_261_1.jpg
rolled-in_scale,4,rolled-in_scale_rolled-in_scale_62_4.jpg
crazing,0,crazing_crazing_22_2.jpg
inclusion,1,inclusion_inclusion_298_1.jpg
inclusion,1,inclusion_inclusion_161_0.jpg
rolled-in_scale,4,rolled-in_scale_rolled-in_scale_82_2.jpg
patches,2,patches_patches_69_4.jpg
patches,2,patches_patches_196_2.jpg
pitted_surface,3,pitted_surface_pitted_surface_93_1.jpg
rolled-in_scale,4,rolled-in_scale_rolled-in_scale_103_1.jpg
patches,2,patches_patches_159_0.jpg
crazing,0,crazing_crazing_147_1.jpg
patches,2,patches_patches_53_3.jpg
inclusion,1,inclusion_inclusion_215_3.jpg
rolled-in_scale,4,rolled-in_scale_rolled-in_scale_73_2.jpg
scratches,5,scratches_scratches_86_4.jpg
crazing,0,crazing_crazing_180_0.jpg
crazing,0,crazing_crazing_123_4.jpg
crazing,0,crazing_crazing_101_3.jpg
scratches,5,scratches_scratches_37_0.jpg
pitted_surface,3,pitted_surface_pitted_surface_180_1.jpg
crazing,0,crazing_crazing_246_2.jpg
rolled-in_scale,4,rolled-in_scale_rolled-in_scale_29_2.jpg
rolled-in_scale,4,rolled-in_scale_rolled-in_scale_4_3.jpg
crazing,0,crazing_crazing_8_3.jpg
inclusion,1,inclusion_inclusion_97_0.jpg
inclusion,1,inclusion_inclusion_227_2.jpg
rolled-in_scale,4,rolled-in_scale_rolled-in_scale_241_4.jpg
crazing,0,crazing_crazing_285_0.jpg
crazing,0,crazing_crazing_192_4.jpg
crazing,0,crazing_crazing_289_0.jpg
rolled-in_scale,4,rolled-in_scale_rolled-in_scale_199_1.jpg
pitted_surface,3,pitted_surface_pitted_surface_18_0.jpg
crazing,0,crazing_crazing_3_4.jpg
pitted_surface,3,pitted_surface_pitted_surface_209_2.jpg
inclusion,1,inclusion_inclusion_170_2.jpg
crazing,0,crazing_crazing_104_2.jpg
rolled-in_scale,4,rolled-in_scale_rolled-in_scale_45_1.jpg
pitted_surface,3,pitted_surface_pitted_surface_19_2.jpg
scratches,5,scratches_scratches_85_0.jpg
pitted_surface,3,pitted_surface_pitted_surface_193_1.jpg
crazing,0,crazing_crazing_113_3.jpg
inclusion,1,inclusion_inclusion_142_2.jpg
rolled-in_scale,4,rolled-in_scale_rolled-in_scale_178_0.jpg
crazing,0,crazing_crazing_233_0.jpg
crazing,0,crazing_crazing_294_3.jpg
scratches,5,scratches_scratches_120_4.jpg
pitted_surface,3,pitted_surface_pitted_surface_282_4.jpg
scratches,5,scratches_scratches_108_1.jpg
pitted_surface,3,pitted_surface_pitted_surface_166_3.jpg
patches,2,patches_patches_79_0.jpg
scratches,5,scratches_scratches_10_2.jpg
rolled-in_scale,4,rolled-in_scale_rolled-in_scale_171_2.jpg
pitted_surface,3,pitted_surface_pitted_surface_5_1.jpg
patches,2,patches_patches_167_1.jpg
inclusion,1,inclusion_inclusion_2_3.jpg
patches,2,patches_patches_239_0.jpg
patches,2,patches_patches_142_1.jpg
crazing,0,crazing_crazing_182_4.jpg
crazing,0,crazing_crazing_253_0.jpg
crazing,0,crazing_crazing_248_3.jpg
pitted_surface,3,pitted_surface_pitted_surface_299_3.jpg
rolled-in_scale,4,rolled-in_scale_rolled-in_scale_241_2.jpg
rolled-in_scale,4,rolled-in_scale_rolled-in_scale_101_0.jpg
crazing,0,crazing_crazing_198_3.jpg
rolled-in_scale,4,rolled-in_scale_rolled-in_scale_149_3.jpg
scratches,5,scratches_scratches_33_4.jpg
rolled-in_scale,4,rolled-in_scale_rolled-in_scale_215_4.jpg
crazing,0,crazing_crazing_121_1.jpg
scratches,5,scratches_scratches_139_1.jpg
pitted_surface,3,pitted_surface_pitted_surface_213_0.jpg
patches,2,patches_patches_11_0.jpg
rolled-in_scale,4,rolled-in_scale_rolled-in_scale_132_4.jpg
crazing,0,crazing_crazing_49_2.jpg
rolled-in_scale,4,rolled-in_scale_rolled-in_scale_136_4.jpg
scratches,5,scratches_scratches_185_1.jpg
inclusion,1,inclusion_inclusion_228_3.jpg
scratches,5,scratches_scratches_298_4.jpg
patches,2,patches_patches_201_1.jpg
rolled-in_scale,4,rolled-in_scale_rolled-in_scale_149_0.jpg
inclusion,1,inclusion_inclusion_152_1.jpg
pitted_surface,3,pitted_surface_pitted_surface_130_4.jpg
scratches,5,scratches_scratches_223_3.jpg
rolled-in_scale,4,rolled-in_scale_rolled-in_scale_38_2.jpg
pitted_surface,3,pitted_surface_pitted_surface_191_2.jpg
rolled-in_scale,4,rolled-in_scale_rolled-in_scale_261_3.jpg
pitted_surface,3,pitted_surface_pitted_surface_32_3.jpg
rolled-in_scale,4,rolled-in_scale_rolled-in_scale_57_4.jpg
rolled-in_scale,4,rolled-in_scale_rolled-in_scale_269_0.jpg
crazing,0,crazing_crazing_158_1.jpg
crazing,0,crazing_crazing_202_3.jpg
patches,2,patches_patches_3_1.jpg
scratches,5,scratches_scratches_50_4.jpg
crazing,0,crazing_crazing_77_2.jpg
crazing,0,crazing_crazing_258_2.jpg
inclusion,1,inclusion_inclusion_285_2.jpg
scratches,5,scratches_scratches_104_2.jpg
crazing,0,crazing_crazing_207_1.jpg
rolled-in_scale,4,rolled-in_scale_rolled-in_scale_20_3.jpg
pitted_surface,3,pitted_surface_pitted_surface_90_0.jpg
rolled-in_scale,4,rolled-in_scale_rolled-in_scale_12_2.jpg
inclusion,1,inclusion_inclusion_242_3.jpg
rolled-in_scale,4,rolled-in_scale_rolled-in_scale_90_1.jpg
patches,2,patches_patches_112_4.jpg
patches,2,patches_patches_186_3.jpg
patches,2,patches_patches_98_0.jpg
rolled-in_scale,4,rolled-in_scale_rolled-in_scale_179_2.jpg
pitted_surface,3,pitted_surface_pitted_surface_25_0.jpg
crazing,0,crazing_crazing_267_1.jpg
patches,2,patches_patches_135_3.jpg
crazing,0,crazing_crazing_152_1.jpg
crazing,0,crazing_crazing_286_0.jpg
inclusion,1,inclusion_inclusion_38_1.jpg
pitted_surface,3,pitted_surface_pitted_surface_210_2.jpg
scratches,5,scratches_scratches_73_4.jpg
inclusion,1,inclusion_inclusion_230_2.jpg
pitted_surface,3,pitted_surface_pitted_surface_155_3.jpg
patches,2,patches_patches_248_3.jpg
inclusion,1,inclusion_inclusion_282_3.jpg
pitted_surface,3,pitted_surface_pitted_surface_49_0.jpg
rolled-in_scale,4,rolled-in_scale_rolled-in_scale_219_1.jpg
inclusion,1,inclusion_inclusion_235_0.jpg
crazing,0,crazing_crazing_153_0.jpg
scratches,5,scratches_scratches_114_1.jpg
pitted_surface,3,pitted_surface_pitted_surface_31_0.jpg
scratches,5,scratches_scratches_136_3.jpg
pitted_surface,3,pitted_surface_pitted_surface_86_2.jpg
inclusion,1,inclusion_inclusion_183_0.jpg
inclusion,1,inclusion_inclusion_117_0.jpg
rolled-in_scale,4,rolled-in_scale_rolled-in_scale_43_2.jpg
inclusion,1,inclusion_inclusion_41_2.jpg
patches,2,patches_patches_118_0.jpg
pitted_surface,3,pitted_surface_pitted_surface_52_4.jpg
rolled-in_scale,4,rolled-in_scale_rolled-in_scale_191_0.jpg
pitted_surface,3,pitted_surface_pitted_surface_69_1.jpg
inclusion,1,inclusion_inclusion_225_0.jpg
scratches,5,scratches_scratches_47_2.jpg
pitted_surface,3,pitted_surface_pitted_surface_69_2.jpg
scratches,5,scratches_scratches_77_4.jpg
rolled-in_scale,4,rolled-in_scale_rolled-in_scale_234_3.jpg
scratches,5,scratches_scratches_69_0.jpg
scratches,5,scratches_scratches_112_3.jpg
scratches,5,scratches_scratches_174_3.jpg
pitted_surface,3,pitted_surface_pitted_surface_22_4.jpg
scratches,5,scratches_scratches_65_3.jpg
crazing,0,crazing_crazing_9_1.jpg
inclusion,1,inclusion_inclusion_49_3.jpg
inclusion,1,inclusion_inclusion_253_2.jpg
inclusion,1,inclusion_inclusion_288_4.jpg
patches,2,patches_patches_183_3.jpg
scratches,5,scratches_scratches_114_4.jpg
pitted_surface,3,pitted_surface_pitted_surface_69_4.jpg
crazing,0,crazing_crazing_160_1.jpg
scratches,5,scratches_scratches_96_4.jpg
patches,2,patches_patches_53_1.jpg
scratches,5,scratches_scratches_133_1.jpg
rolled-in_scale,4,rolled-in_scale_rolled-in_scale_279_4.jpg
crazing,0,crazing_crazing_272_4.jpg
scratches,5,scratches_scratches_264_3.jpg
crazing,0,crazing_crazing_130_1.jpg
inclusion,1,inclusion_inclusion_5_3.jpg
scratches,5,scratches_scratches_228_1.jpg
crazing,0,crazing_crazing_180_1.jpg
crazing,0,crazing_crazing_277_3.jpg
scratches,5,scratches_scratches_143_0.jpg
rolled-in_scale,4,rolled-in_scale_rolled-in_scale_151_2.jpg
rolled-in_scale,4,rolled-in_scale_rolled-in_scale_158_4.jpg
scratches,5,scratches_scratches_38_3.jpg
crazing,0,crazing_crazing_111_2.jpg
pitted_surface,3,pitted_surface_pitted_surface_175_4.jpg
rolled-in_scale,4,rolled-in_scale_rolled-in_scale_134_0.jpg
inclusion,1,inclusion_inclusion_40_2.jpg
scratches,5,scratches_scratches_36_1.jpg
inclusion,1,inclusion_inclusion_46_2.jpg
pitted_surface,3,pitted_surface_pitted_surface_223_2.jpg
pitted_surface,3,pitted_surface_pitted_surface_113_4.jpg
scratches,5,scratches_scratches_243_0.jpg
scratches,5,scratches_scratches_79_2.jpg
crazing,0,crazing_crazing_39_4.jpg
pitted_surface,3,pitted_surface_pitted_surface_258_0.jpg
crazing,0,crazing_crazing_125_0.jpg
pitted_surface,3,pitted_surface_pitted_surface_252_1.jpg
patches,2,patches_patches_162_0.jpg
scratches,5,scratches_scratches_55_3.jpg
crazing,0,crazing_crazing_254_1.jpg
rolled-in_scale,4,rolled-in_scale_rolled-in_scale_176_1.jpg
scratches,5,scratches_scratches_13_3.jpg
scratches,5,scratches_scratches_290_1.jpg
patches,2,patches_patches_41_4.jpg
rolled-in_scale,4,rolled-in_scale_rolled-in_scale_244_3.jpg
pitted_surface,3,pitted_surface_pitted_surface_73_2.jpg
inclusion,1,inclusion_inclusion_46_1.jpg
inclusion,1,inclusion_inclusion_83_2.jpg
patches,2,patches_patches_95_4.jpg
crazing,0,crazing_crazing_54_3.jpg
patches,2,patches_patches_14_2.jpg
scratches,5,scratches_scratches_103_2.jpg
inclusion,1,inclusion_inclusion_130_1.jpg
patches,2,patches_patches_155_2.jpg
scratches,5,scratches_scratches_289_4.jpg
inclusion,1,inclusion_inclusion_54_2.jpg
rolled-in_scale,4,rolled-in_scale_rolled-in_scale_189_4.jpg
rolled-in_scale,4,rolled-in_scale_rolled-in_scale_258_4.jpg
pitted_surface,3,pitted_surface_pitted_surface_85_4.jpg
crazing,0,crazing_crazing_174_4.jpg
patches,2,patches_patches_214_0.jpg
patches,2,patches_patches_149_2.jpg
pitted_surface,3,pitted_surface_pitted_surface_142_2.jpg
inclusion,1,inclusion_inclusion_178_2.jpg
pitted_surface,3,pitted_surface_pitted_surface_7_2.jpg
crazing,0,crazing_crazing_297_1.jpg
scratches,5,scratches_scratches_257_2.jpg
patches,2,patches_patches_236_3.jpg
crazing,0,crazing_crazing_134_1.jpg
crazing,0,crazing_crazing_260_4.jpg
rolled-in_scale,4,rolled-in_scale_rolled-in_scale_220_0.jpg
pitted_surface,3,pitted_surface_pitted_surface_245_0.jpg
pitted_surface,3,pitted_surface_pitted_surface_162_1.jpg
crazing,0,crazing_crazing_167_1.jpg
pitted_surface,3,pitted_surface_pitted_surface_44_4.jpg
pitted_surface,3,pitted_surface_pitted_surface_232_4.jpg
inclusion,1,inclusion_inclusion_293_2.jpg
rolled-in_scale,4,rolled-in_scale_rolled-in_scale_59_0.jpg
rolled-in_scale,4,rolled-in_scale_rolled-in_scale_84_2.jpg
patches,2,patches_patches_18_1.jpg
scratches,5,scratches_scratches_8_2.jpg
patches,2,patches_patches_14_1.jpg
crazing,0,crazing_crazing_286_2.jpg
pitted_surface,3,pitted_surface_pitted_surface_17_3.jpg
inclusion,1,inclusion_inclusion_113_2.jpg
patches,2,patches_patches_115_0.jpg
pitted_surface,3,pitted_surface_pitted_surface_74_4.jpg
patches,2,patches_patches_278_4.jpg
patches,2,patches_patches_65_1.jpg
pitted_surface,3,pitted_surface_pitted_surface_146_4.jpg
crazing,0,crazing_crazing_21_3.jpg
patches,2,patches_patches_80_0.jpg
scratches,5,scratches_scratches_142_1.jpg
patches,2,patches_patches_210_3.jpg
rolled-in_scale,4,rolled-in_scale_rolled-in_scale_225_0.jpg
rolled-in_scale,4,rolled-in_scale_rolled-in_scale_41_0.jpg
rolled-in_scale,4,rolled-in_scale_rolled-in_scale_237_1.jpg
rolled-in_scale,4,rolled-in_scale_rolled-in_scale_63_2.jpg
crazing,0,crazing_crazing_68_0.jpg
inclusion,1,inclusion_inclusion_224_0.jpg
rolled-in_scale,4,rolled-in_scale_rolled-in_scale_244_2.jpg
rolled-in_scale,4,rolled-in_scale_rolled-in_scale_140_0.jpg
pitted_surface,3,pitted_surface_pitted_surface_287_2.jpg
inclusion,1,inclusion_inclusion_59_4.jpg
pitted_surface,3,pitted_surface_pitted_surface_247_3.jpg
patches,2,patches_patches_211_4.jpg
patches,2,patches_patches_208_0.jpg
crazing,0,crazing_crazing_269_0.jpg
inclusion,1,inclusion_inclusion_15_3.jpg
scratches,5,scratches_scratches_210_4.jpg
rolled-in_scale,4,rolled-in_scale_rolled-in_scale_104_4.jpg
inclusion,1,inclusion_inclusion_252_4.jpg
rolled-in_scale,4,rolled-in_scale_rolled-in_scale_179_0.jpg
patches,2,patches_patches_250_0.jpg
rolled-in_scale,4,rolled-in_scale_rolled-in_scale_12_1.jpg
inclusion,1,inclusion_inclusion_73_4.jpg
crazing,0,crazing_crazing_58_2.jpg
crazing,0,crazing_crazing_268_2.jpg
patches,2,patches_patches_218_2.jpg
scratches,5,scratches_scratches_16_1.jpg
crazing,0,crazing_crazing_104_1.jpg
scratches,5,scratches_scratches_280_4.jpg
rolled-in_scale,4,rolled-in_scale_rolled-in_scale_59_4.jpg
inclusion,1,inclusion_inclusion_98_1.jpg
patches,2,patches_patches_15_4.jpg
inclusion,1,inclusion_inclusion_28_2.jpg
pitted_surface,3,pitted_surface_pitted_surface_156_3.jpg
patches,2,patches_patches_109_4.jpg
pitted_surface,3,pitted_surface_pitted_surface_167_0.jpg
pitted_surface,3,pitted_surface_pitted_surface_234_1.jpg
patches,2,patches_patches_123_1.jpg
inclusion,1,inclusion_inclusion_290_1.jpg
crazing,0,crazing_crazing_242_1.jpg
patches,2,patches_patches_222_2.jpg
crazing,0,crazing_crazing_46_3.jpg
inclusion,1,inclusion_inclusion_247_2.jpg
rolled-in_scale,4,rolled-in_scale_rolled-in_scale_271_4.jpg
crazing,0,crazing_crazing_205_0.jpg
scratches,5,scratches_scratches_42_1.jpg
patches,2,patches_patches_174_0.jpg
patches,2,patches_patches_283_3.jpg
inclusion,1,inclusion_inclusion_160_1.jpg
rolled-in_scale,4,rolled-in_scale_rolled-in_scale_283_1.jpg
inclusion,1,inclusion_inclusion_107_3.jpg
crazing,0,crazing_crazing_297_3.jpg
pitted_surface,3,pitted_surface_pitted_surface_61_1.jpg
patches,2,patches_patches_182_1.jpg
pitted_surface,3,pitted_surface_pitted_surface_256_4.jpg
rolled-in_scale,4,rolled-in_scale_rolled-in_scale_166_2.jpg
rolled-in_scale,4,rolled-in_scale_rolled-in_scale_184_2.jpg
rolled-in_scale,4,rolled-in_scale_rolled-in_scale_101_2.jpg
inclusion,1,inclusion_inclusion_294_4.jpg
patches,2,patches_patches_38_4.jpg
patches,2,patches_patches_41_2.jpg
patches,2,patches_patches_154_2.jpg
scratches,5,scratches_scratches_4_4.jpg
pitted_surface,3,pitted_surface_pitted_surface_16_2.jpg
inclusion,1,inclusion_inclusion_13_0.jpg
rolled-in_scale,4,rolled-in_scale_rolled-in_scale_69_3.jpg
scratches,5,scratches_scratches_228_2.jpg
scratches,5,scratches_scratches_283_3.jpg
crazing,0,crazing_crazing_254_2.jpg
scratches,5,scratches_scratches_123_3.jpg
patches,2,patches_patches_249_3.jpg
rolled-in_scale,4,rolled-in_scale_rolled-in_scale_156_0.jpg
pitted_surface,3,pitted_surface_pitted_surface_222_0.jpg
patches,2,patches_patches_91_1.jpg
patches,2,patches_patches_75_4.jpg
scratches,5,scratches_scratches_296_0.jpg
patches,2,patches_patches_189_0.jpg
crazing,0,crazing_crazing_28_1.jpg
pitted_surface,3,pitted_surface_pitted_surface_156_1.jpg
pitted_surface,3,pitted_surface_pitted_surface_38_2.jpg
inclusion,1,inclusion_inclusion_111_3.jpg
patches,2,patches_patches_244_3.jpg
scratches,5,scratches_scratches_24_3.jpg
rolled-in_scale,4,rolled-in_scale_rolled-in_scale_67_0.jpg
pitted_surface,3,pitted_surface_pitted_surface_5_3.jpg
scratches,5,scratches_scratches_255_4.jpg
rolled-in_scale,4,rolled-in_scale_rolled-in_scale_2_2.jpg
patches,2,patches_patches_280_3.jpg
patches,2,patches_patches_134_1.jpg
inclusion,1,inclusion_inclusion_48_2.jpg
crazing,0,crazing_crazing_147_2.jpg
patches,2,patches_patches_37_2.jpg
inclusion,1,inclusion_inclusion_38_0.jpg
inclusion,1,inclusion_inclusion_192_3.jpg
rolled-in_scale,4,rolled-in_scale_rolled-in_scale_68_2.jpg
crazing,0,crazing_crazing_41_1.jpg
inclusion,1,inclusion_inclusion_143_4.jpg
pitted_surface,3,pitted_surface_pitted_surface_300_0.jpg
pitted_surface,3,pitted_surface_pitted_surface_172_1.jpg
inclusion,1,inclusion_inclusion_51_1.jpg
rolled-in_scale,4,rolled-in_scale_rolled-in_scale_206_2.jpg
pitted_surface,3,pitted_surface_pitted_surface_290_4.jpg
rolled-in_scale,4,rolled-in_scale_rolled-in_scale_234_1.jpg
patches,2,patches_patches_220_2.jpg
patches,2,patches_patches_45_1.jpg
pitted_surface,3,pitted_surface_pitted_surface_142_1.jpg
pitted_surface,3,pitted_surface_pitted_surface_97_4.jpg
inclusion,1,inclusion_inclusion_52_2.jpg
inclusion,1,inclusion_inclusion_112_2.jpg
pitted_surface,3,pitted_surface_pitted_surface_124_1.jpg
scratches,5,scratches_scratches_230_3.jpg
pitted_surface,3,pitted_surface_pitted_surface_42_0.jpg
crazing,0,crazing_crazing_296_3.jpg
inclusion,1,inclusion_inclusion_48_1.jpg
patches,2,patches_patches_272_3.jpg
rolled-in_scale,4,rolled-in_scale_rolled-in_scale_212_0.jpg
inclusion,1,inclusion_inclusion_49_4.jpg
crazing,0,crazing_crazing_85_4.jpg
pitted_surface,3,pitted_surface_pitted_surface_163_1.jpg
patches,2,patches_patches_80_1.jpg
pitted_surface,3,pitted_surface_pitted_surface_257_4.jpg
pitted_surface,3,pitted_surface_pitted_surface_118_2.jpg
scratches,5,scratches_scratches_96_2.jpg
patches,2,patches_patches_260_0.jpg
inclusion,1,inclusion_inclusion_7_1.jpg
crazing,0,crazing_crazing_192_1.jpg
inclusion,1,inclusion_inclusion_194_2.jpg
crazing,0,crazing_crazing_107_3.jpg
rolled-in_scale,4,rolled-in_scale_rolled-in_scale_170_3.jpg
crazing,0,crazing_crazing_75_3.jpg
rolled-in_scale,4,rolled-in_scale_rolled-in_scale_90_3.jpg
scratches,5,scratches_scratches_260_4.jpg
scratches,5,scratches_scratches_8_4.jpg
scratches,5,scratches_scratches_81_0.jpg
scratches,5,scratches_scratches_262_2.jpg
rolled-in_scale,4,rolled-in_scale_rolled-in_scale_132_2.jpg
patches,2,patches_patches_91_4.jpg
scratches,5,scratches_scratches_203_3.jpg
pitted_surface,3,pitted_surface_pitted_surface_20_2.jpg
scratches,5,scratches_scratches_181_2.jpg
scratches,5,scratches_scratches_26_2.jpg
patches,2,patches_patches_105_0.jpg
pitted_surface,3,pitted_surface_pitted_surface_19_3.jpg
scratches,5,scratches_scratches_158_3.jpg
patches,2,patches_patches_72_1.jpg
pitted_surface,3,pitted_surface_pitted_surface_87_0.jpg
inclusion,1,inclusion_inclusion_75_0.jpg
inclusion,1,inclusion_inclusion_216_1.jpg
scratches,5,scratches_scratches_256_1.jpg
patches,2,patches_patches_188_0.jpg
rolled-in_scale,4,rolled-in_scale_rolled-in_scale_163_0.jpg
pitted_surface,3,pitted_surface_pitted_surface_197_2.jpg
scratches,5,scratches_scratches_114_2.jpg
rolled-in_scale,4,rolled-in_scale_rolled-in_scale_230_2.jpg
inclusion,1,inclusion_inclusion_281_2.jpg
inclusion,1,inclusion_inclusion_111_0.jpg
crazing,0,crazing_crazing_134_4.jpg
patches,2,patches_patches_293_2.jpg
scratches,5,scratches_scratches_173_3.jpg
rolled-in_scale,4,rolled-in_scale_rolled-in_scale_75_2.jpg
patches,2,patches_patches_149_4.jpg
scratches,5,scratches_scratches_123_0.jpg
scratches,5,scratches_scratches_246_2.jpg
patches,2,patches_patches_13_1.jpg
patches,2,patches_patches_205_4.jpg
crazing,0,crazing_crazing_105_4.jpg
scratches,5,scratches_scratches_91_0.jpg
rolled-in_scale,4,rolled-in_scale_rolled-in_scale_220_3.jpg
scratches,5,scratches_scratches_114_0.jpg
pitted_surface,3,pitted_surface_pitted_surface_76_4.jpg
patches,2,patches_patches_29_2.jpg
crazing,0,crazing_crazing_245_1.jpg
patches,2,patches_patches_290_0.jpg
pitted_surface,3,pitted_surface_pitted_surface_282_3.jpg
rolled-in_scale,4,rolled-in_scale_rolled-in_scale_156_1.jpg
scratches,5,scratches_scratches_143_4.jpg
crazing,0,crazing_crazing_291_1.jpg
scratches,5,scratches_scratches_97_1.jpg
crazing,0,crazing_crazing_165_0.jpg
rolled-in_scale,4,rolled-in_scale_rolled-in_scale_193_2.jpg
crazing,0,crazing_crazing_299_0.jpg
scratches,5,scratches_scratches_213_4.jpg
crazing,0,crazing_crazing_274_4.jpg
rolled-in_scale,4,rolled-in_scale_rolled-in_scale_180_0.jpg
crazing,0,crazing_crazing_48_4.jpg
rolled-in_scale,4,rolled-in_scale_rolled-in_scale_9_3.jpg
scratches,5,scratches_scratches_34_1.jpg
rolled-in_scale,4,rolled-in_scale_rolled-in_scale_170_4.jpg
inclusion,1,inclusion_inclusion_193_2.jpg
patches,2,patches_patches_141_2.jpg
patches,2,patches_patches_252_1.jpg
scratches,5,scratches_scratches_109_4.jpg
crazing,0,crazing_crazing_262_3.jpg
rolled-in_scale,4,rolled-in_scale_rolled-in_scale_239_1.jpg
crazing,0,crazing_crazing_152_2.jpg
scratches,5,scratches_scratches_171_1.jpg
pitted_surface,3,pitted_surface_pitted_surface_251_2.jpg
scratches,5,scratches_scratches_250_0.jpg
pitted_surface,3,pitted_surface_pitted_surface_212_4.jpg
patches,2,patches_patches_1_1.jpg
patches,2,patches_patches_290_3.jpg
pitted_surface,3,pitted_surface_pitted_surface_219_3.jpg
patches,2,patches_patches_233_1.jpg
crazing,0,crazing_crazing_182_1.jpg
patches,2,patches_patches_77_4.jpg
inclusion,1,inclusion_inclusion_93_0.jpg
crazing,0,crazing_crazing_88_1.jpg
rolled-in_scale,4,rolled-in_scale_rolled-in_scale_181_4.jpg
patches,2,patches_patches_269_3.jpg
crazing,0,crazing_crazing_273_3.jpg
inclusion,1,inclusion_inclusion_249_0.jpg
patches,2,patches_patches_178_3.jpg
inclusion,1,inclusion_inclusion_18_1.jpg
crazing,0,crazing_crazing_22_1.jpg
pitted_surface,3,pitted_surface_pitted_surface_202_2.jpg
crazing,0,crazing_crazing_199_2.jpg
crazing,0,crazing_crazing_94_0.jpg
rolled-in_scale,4,rolled-in_scale_rolled-in_scale_165_1.jpg
crazing,0,crazing_crazing_35_4.jpg
pitted_surface,3,pitted_surface_pitted_surface_59_2.jpg
inclusion,1,inclusion_inclusion_248_4.jpg
scratches,5,scratches_scratches_106_1.jpg
crazing,0,crazing_crazing_34_0.jpg
inclusion,1,inclusion_inclusion_25_3.jpg
patches,2,patches_patches_272_2.jpg
rolled-in_scale,4,rolled-in_scale_rolled-in_scale_253_2.jpg
patches,2,patches_patches_79_4.jpg
rolled-in_scale,4,rolled-in_scale_rolled-in_scale_142_2.jpg
inclusion,1,inclusion_inclusion_298_3.jpg
patches,2,patches_patches_35_3.jpg
rolled-in_scale,4,rolled-in_scale_rolled-in_scale_281_1.jpg
crazing,0,crazing_crazing_192_3.jpg
inclusion,1,inclusion_inclusion_232_2.jpg
patches,2,patches_patches_223_1.jpg
crazing,0,crazing_crazing_145_3.jpg
patches,2,patches_patches_110_0.jpg
inclusion,1,inclusion_inclusion_272_3.jpg
patches,2,patches_patches_86_4.jpg
pitted_surface,3,pitted_surface_pitted_surface_156_4.jpg
rolled-in_scale,4,rolled-in_scale_rolled-in_scale_54_2.jpg
crazing,0,crazing_crazing_186_3.jpg
crazing,0,crazing_crazing_273_1.jpg
inclusion,1,inclusion_inclusion_54_1.jpg
patches,2,patches_patches_198_0.jpg
crazing,0,crazing_crazing_231_0.jpg
crazing,0,crazing_crazing_173_4.jpg
rolled-in_scale,4,rolled-in_scale_rolled-in_scale_98_1.jpg
crazing,0,crazing_crazing_39_0.jpg
crazing,0,crazing_crazing_180_4.jpg
scratches,5,scratches_scratches_177_0.jpg
rolled-in_scale,4,rolled-in_scale_rolled-in_scale_207_4.jpg
inclusion,1,inclusion_inclusion_41_1.jpg
inclusion,1,inclusion_inclusion_238_1.jpg
pitted_surface,3,pitted_surface_pitted_surface_59_3.jpg
rolled-in_scale,4,rolled-in_scale_rolled-in_scale_80_3.jpg
pitted_surface,3,pitted_surface_pitted_surface_224_1.jpg
pitted_surface,3,pitted_surface_pitted_surface_172_4.jpg
rolled-in_scale,4,rolled-in_scale_rolled-in_scale_157_1.jpg
scratches,5,scratches_scratches_70_0.jpg
pitted_surface,3,pitted_surface_pitted_surface_190_3.jpg
rolled-in_scale,4,rolled-in_scale_rolled-in_scale_65_4.jpg
rolled-in_scale,4,rolled-in_scale_rolled-in_scale_13_4.jpg
patches,2,patches_patches_29_1.jpg
patches,2,patches_patches_296_4.jpg
crazing,0,crazing_crazing_73_4.jpg
pitted_surface,3,pitted_surface_pitted_surface_254_0.jpg
pitted_surface,3,pitted_surface_pitted_surface_244_3.jpg
rolled-in_scale,4,rolled-in_scale_rolled-in_scale_204_2.jpg
inclusion,1,inclusion_inclusion_90_2.jpg
rolled-in_scale,4,rolled-in_scale_rolled-in_scale_89_2.jpg
scratches,5,scratches_scratches_121_1.jpg
inclusion,1,inclusion_inclusion_113_4.jpg
rolled-in_scale,4,rolled-in_scale_rolled-in_scale_48_1.jpg
patches,2,patches_patches_75_2.jpg
rolled-in_scale,4,rolled-in_scale_rolled-in_scale_211_0.jpg
crazing,0,crazing_crazing_110_4.jpg
pitted_surface,3,pitted_surface_pitted_surface_135_4.jpg
patches,2,patches_patches_87_1.jpg
scratches,5,scratches_scratches_199_4.jpg
scratches,5,scratches_scratches_150_1.jpg
scratches,5,scratches_scratches_235_2.jpg
pitted_surface,3,pitted_surface_pitted_surface_192_0.jpg
patches,2,patches_patches_76_2.jpg
inclusion,1,inclusion_inclusion_153_3.jpg
rolled-in_scale,4,rolled-in_scale_rolled-in_scale_161_2.jpg
pitted_surface,3,pitted_surface_pitted_surface_176_3.jpg
patches,2,patches_patches_281_3.jpg
pitted_surface,3,pitted_surface_pitted_surface_184_2.jpg
crazing,0,crazing_crazing_8_4.jpg
rolled-in_scale,4,rolled-in_scale_rolled-in_scale_267_3.jpg
inclusion,1,inclusion_inclusion_290_0.jpg
crazing,0,crazing_crazing_43_0.jpg
patches,2,patches_patches_215_3.jpg
scratches,5,scratches_scratches_172_4.jpg
pitted_surface,3,pitted_surface_pitted_surface_161_1.jpg
inclusion,1,inclusion_inclusion_45_1.jpg
scratches,5,scratches_scratches_67_4.jpg
scratches,5,scratches_scratches_251_1.jpg
rolled-in_scale,4,rolled-in_scale_rolled-in_scale_54_0.jpg
patches,2,patches_patches_206_2.jpg
inclusion,1,inclusion_inclusion_135_0.jpg
pitted_surface,3,pitted_surface_pitted_surface_172_2.jpg
crazing,0,crazing_crazing_176_2.jpg
patches,2,patches_patches_229_0.jpg
patches,2,patches_patches_194_0.jpg
pitted_surface,3,pitted_surface_pitted_surface_266_3.jpg
pitted_surface,3,pitted_surface_pitted_surface_177_0.jpg
pitted_surface,3,pitted_surface_pitted_surface_181_1.jpg
pitted_surface,3,pitted_surface_pitted_surface_295_1.jpg
rolled-in_scale,4,rolled-in_scale_rolled-in_scale_77_2.jpg
pitted_surface,3,pitted_surface_pitted_surface_8_1.jpg
pitted_surface,3,pitted_surface_pitted_surface_80_2.jpg
inclusion,1,inclusion_inclusion_99_3.jpg
scratches,5,scratches_scratches_141_1.jpg
rolled-in_scale,4,rolled-in_scale_rolled-in_scale_15_1.jpg
scratches,5,scratches_scratches_165_3.jpg
scratches,5,scratches_scratches_61_1.jpg
patches,2,patches_patches_175_1.jpg
pitted_surface,3,pitted_surface_pitted_surface_72_0.jpg
rolled-in_scale,4,rolled-in_scale_rolled-in_scale_29_0.jpg
patches,2,patches_patches_212_4.jpg
scratches,5,scratches_scratches_60_0.jpg
pitted_surface,3,pitted_surface_pitted_surface_237_1.jpg
patches,2,patches_patches_232_3.jpg
crazing,0,crazing_crazing_9_2.jpg
scratches,5,scratches_scratches_142_4.jpg
rolled-in_scale,4,rolled-in_scale_rolled-in_scale_203_4.jpg
rolled-in_scale,4,rolled-in_scale_rolled-in_scale_239_0.jpg
rolled-in_scale,4,rolled-in_scale_rolled-in_scale_259_4.jpg
rolled-in_scale,4,rolled-in_scale_rolled-in_scale_190_0.jpg
pitted_surface,3,pitted_surface_pitted_surface_227_2.jpg
crazing,0,crazing_crazing_207_4.jpg
scratches,5,scratches_scratches_219_3.jpg
rolled-in_scale,4,rolled-in_scale_rolled-in_scale_278_4.jpg
patches,2,patches_patches_7_0.jpg
rolled-in_scale,4,rolled-in_scale_rolled-in_scale_269_1.jpg
crazing,0,crazing_crazing_204_3.jpg
inclusion,1,inclusion_inclusion_277_0.jpg
pitted_surface,3,pitted_surface_pitted_surface_160_2.jpg
crazing,0,crazing_crazing_206_1.jpg
crazing,0,crazing_crazing_171_4.jpg
rolled-in_scale,4,rolled-in_scale_rolled-in_scale_127_2.jpg
scratches,5,scratches_scratches_144_0.jpg
rolled-in_scale,4,rolled-in_scale_rolled-in_scale_282_3.jpg
patches,2,patches_patches_122_3.jpg
scratches,5,scratches_scratches_245_3.jpg
pitted_surface,3,pitted_surface_pitted_surface_8_0.jpg
crazing,0,crazing_crazing_17_0.jpg
patches,2,patches_patches_134_2.jpg
scratches,5,scratches_scratches_80_1.jpg
patches,2,patches_patches_194_3.jpg
inclusion,1,inclusion_inclusion_122_1.jpg
rolled-in_scale,4,rolled-in_scale_rolled-in_scale_44_4.jpg
rolled-in_scale,4,rolled-in_scale_rolled-in_scale_88_3.jpg
pitted_surface,3,pitted_surface_pitted_surface_140_4.jpg
rolled-in_scale,4,rolled-in_scale_rolled-in_scale_52_1.jpg
rolled-in_scale,4,rolled-in_scale_rolled-in_scale_209_3.jpg
rolled-in_scale,4,rolled-in_scale_rolled-in_scale_120_2.jpg
inclusion,1,inclusion_inclusion_189_4.jpg
patches,2,patches_patches_182_2.jpg
crazing,0,crazing_crazing_131_3.jpg
rolled-in_scale,4,rolled-in_scale_rolled-in_scale_143_0.jpg
scratches,5,scratches_scratches_111_2.jpg
rolled-in_scale,4,rolled-in_scale_rolled-in_scale_228_3.jpg
rolled-in_scale,4,rolled-in_scale_rolled-in_scale_215_2.jpg
rolled-in_scale,4,rolled-in_scale_rolled-in_scale_149_4.jpg
pitted_surface,3,pitted_surface_pitted_surface_31_3.jpg
crazing,0,crazing_crazing_135_3.jpg
pitted_surface,3,pitted_surface_pitted_surface_35_1.jpg
patches,2,patches_patches_232_0.jpg
inclusion,1,inclusion_inclusion_58_0.jpg
patches,2,patches_patches_180_1.jpg
patches,2,patches_patches_144_4.jpg
inclusion,1,inclusion_inclusion_20_4.jpg
patches,2,patches_patches_138_1.jpg
inclusion,1,inclusion_inclusion_53_3.jpg
patches,2,patches_patches_257_4.jpg
scratches,5,scratches_scratches_63_3.jpg
scratches,5,scratches_scratches_178_0.jpg
rolled-in_scale,4,rolled-in_scale_rolled-in_scale_197_3.jpg
rolled-in_scale,4,rolled-in_scale_rolled-in_scale_187_0.jpg
rolled-in_scale,4,rolled-in_scale_rolled-in_scale_294_0.jpg
scratches,5,scratches_scratches_145_1.jpg
rolled-in_scale,4,rolled-in_scale_rolled-in_scale_155_3.jpg
inclusion,1,inclusion_inclusion_73_2.jpg
inclusion,1,inclusion_inclusion_249_1.jpg
rolled-in_scale,4,rolled-in_scale_rolled-in_scale_218_0.jpg
pitted_surface,3,pitted_surface_pitted_surface_18_4.jpg
rolled-in_scale,4,rolled-in_scale_rolled-in_scale_145_3.jpg
pitted_surface,3,pitted_surface_pitted_surface_83_4.jpg
inclusion,1,inclusion_inclusion_288_2.jpg
crazing,0,crazing_crazing_276_2.jpg
rolled-in_scale,4,rolled-in_scale_rolled-in_scale_271_1.jpg
patches,2,patches_patches_214_2.jpg
scratches,5,scratches_scratches_100_0.jpg
inclusion,1,inclusion_inclusion_136_3.jpg
scratches,5,scratches_scratches_180_3.jpg
crazing,0,crazing_crazing_292_3.jpg
crazing,0,crazing_crazing_15_1.jpg
pitted_surface,3,pitted_surface_pitted_surface_102_2.jpg
patches,2,patches_patches_90_1.jpg
crazing,0,crazing_crazing_79_3.jpg
scratches,5,scratches_scratches_184_2.jpg
scratches,5,scratches_scratches_222_2.jpg
rolled-in_scale,4,rolled-in_scale_rolled-in_scale_162_3.jpg
inclusion,1,inclusion_inclusion_282_2.jpg
inclusion,1,inclusion_inclusion_280_1.jpg
pitted_surface,3,pitted_surface_pitted_surface_145_3.jpg
patches,2,patches_patches_102_3.jpg
pitted_surface,3,pitted_surface_pitted_surface_36_0.jpg
crazing,0,crazing_crazing_56_2.jpg
crazing,0,crazing_crazing_258_1.jpg
crazing,0,crazing_crazing_69_4.jpg
scratches,5,scratches_scratches_199_2.jpg
patches,2,patches_patches_284_0.jpg
crazing,0,crazing_crazing_227_0.jpg
scratches,5,scratches_scratches_287_3.jpg
patches,2,patches_patches_165_4.jpg
crazing,0,crazing_crazing_81_4.jpg
crazing,0,crazing_crazing_85_1.jpg
pitted_surface,3,pitted_surface_pitted_surface_136_3.jpg
patches,2,patches_patches_248_4.jpg
patches,2,patches_patches_192_0.jpg
scratches,5,scratches_scratches_44_0.jpg
inclusion,1,inclusion_inclusion_18_3.jpg
crazing,0,crazing_crazing_204_4.jpg
pitted_surface,3,pitted_surface_pitted_surface_1_2.jpg
pitted_surface,3,pitted_surface_pitted_surface_42_2.jpg
scratches,5,scratches_scratches_223_0.jpg
patches,2,patches_patches_280_4.jpg
scratches,5,scratches_scratches_282_4.jpg
patches,2,patches_patches_88_0.jpg
inclusion,1,inclusion_inclusion_97_1.jpg
patches,2,patches_patches_111_0.jpg
patches,2,patches_patches_197_4.jpg
patches,2,patches_patches_36_2.jpg
inclusion,1,inclusion_inclusion_72_4.jpg
rolled-in_scale,4,rolled-in_scale_rolled-in_scale_87_3.jpg
rolled-in_scale,4,rolled-in_scale_rolled-in_scale_41_3.jpg
inclusion,1,inclusion_inclusion_184_2.jpg
scratches,5,scratches_scratches_224_4.jpg
scratches,5,scratches_scratches_264_1.jpg
patches,2,patches_patches_179_3.jpg
crazing,0,crazing_crazing_86_3.jpg
inclusion,1,inclusion_inclusion_267_4.jpg
patches,2,patches_patches_17_1.jpg
scratches,5,scratches_scratches_180_1.jpg
pitted_surface,3,pitted_surface_pitted_surface_19_1.jpg
scratches,5,scratches_scratches_167_2.jpg
patches,2,patches_patches_60_1.jpg
rolled-in_scale,4,rolled-in_scale_rolled-in_scale_298_4.jpg
inclusion,1,inclusion_inclusion_34_4.jpg
inclusion,1,inclusion_inclusion_13_2.jpg
scratches,5,scratches_scratches_190_4.jpg
patches,2,patches_patches_172_4.jpg
pitted_surface,3,pitted_surface_pitted_surface_23_0.jpg
crazing,0,crazing_crazing_236_0.jpg
crazing,0,crazing_crazing_140_2.jpg
rolled-in_scale,4,rolled-in_scale_rolled-in_scale_220_1.jpg
patches,2,patches_patches_220_4.jpg
patches,2,patches_patches_6_0.jpg
pitted_surface,3,pitted_surface_pitted_surface_178_1.jpg
crazing,0,crazing_crazing_24_0.jpg
patches,2,patches_patches_31_3.jpg
rolled-in_scale,4,rolled-in_scale_rolled-in_scale_74_1.jpg
rolled-in_scale,4,rolled-in_scale_rolled-in_scale_289_1.jpg
patches,2,patches_patches_115_3.jpg
patches,2,patches_patches_274_1.jpg
crazing,0,crazing_crazing_115_0.jpg
scratches,5,scratches_scratches_49_3.jpg
scratches,5,scratches_scratches_43_1.jpg
patches,2,patches_patches_292_0.jpg
crazing,0,crazing_crazing_50_4.jpg
patches,2,patches_patches_60_3.jpg
crazing,0,crazing_crazing_178_4.jpg
inclusion,1,inclusion_inclusion_28_1.jpg
scratches,5,scratches_scratches_36_0.jpg
rolled-in_scale,4,rolled-in_scale_rolled-in_scale_169_3.jpg
rolled-in_scale,4,rolled-in_scale_rolled-in_scale_139_2.jpg
inclusion,1,inclusion_inclusion_97_3.jpg
patches,2,patches_patches_21_3.jpg
scratches,5,scratches_scratches_170_4.jpg
pitted_surface,3,pitted_surface_pitted_surface_222_3.jpg
inclusion,1,inclusion_inclusion_90_3.jpg
inclusion,1,inclusion_inclusion_132_3.jpg
pitted_surface,3,pitted_surface_pitted_surface_220_4.jpg
scratches,5,scratches_scratches_5_0.jpg
crazing,0,crazing_crazing_118_1.jpg
rolled-in_scale,4,rolled-in_scale_rolled-in_scale_261_0.jpg
pitted_surface,3,pitted_surface_pitted_surface_170_4.jpg
scratches,5,scratches_scratches_46_3.jpg
pitted_surface,3,pitted_surface_pitted_surface_77_3.jpg
inclusion,1,inclusion_inclusion_247_1.jpg
patches,2,patches_patches_190_0.jpg
rolled-in_scale,4,rolled-in_scale_rolled-in_scale_114_0.jpg
rolled-in_scale,4,rolled-in_scale_rolled-in_scale_129_4.jpg
rolled-in_scale,4,rolled-in_scale_rolled-in_scale_123_3.jpg
inclusion,1,inclusion_inclusion_106_1.jpg
scratches,5,scratches_scratches_188_3.jpg
crazing,0,crazing_crazing_121_4.jpg
patches,2,patches_patches_198_4.jpg
scratches,5,scratches_scratches_173_4.jpg
pitted_surface,3,pitted_surface_pitted_surface_119_4.jpg
crazing,0,crazing_crazing_160_4.jpg
patches,2,patches_patches_119_4.jpg
rolled-in_scale,4,rolled-in_scale_rolled-in_scale_127_0.jpg
crazing,0,crazing_crazing_235_0.jpg
inclusion,1,inclusion_inclusion_86_2.jpg
inclusion,1,inclusion_inclusion_211_0.jpg
inclusion,1,inclusion_inclusion_80_1.jpg
rolled-in_scale,4,rolled-in_scale_rolled-in_scale_291_2.jpg
inclusion,1,inclusion_inclusion_233_3.jpg
scratches,5,scratches_scratches_84_3.jpg
scratches,5,scratches_scratches_237_0.jpg
inclusion,1,inclusion_inclusion_84_1.jpg
pitted_surface,3,pitted_surface_pitted_surface_295_4.jpg
rolled-in_scale,4,rolled-in_scale_rolled-in_scale_49_0.jpg
pitted_surface,3,pitted_surface_pitted_surface_73_1.jpg
scratches,5,scratches_scratches_89_0.jpg
patches,2,patches_patches_291_0.jpg
patches,2,patches_patches_228_3.jpg
rolled-in_scale,4,rolled-in_scale_rolled-in_scale_112_0.jpg
scratches,5,scratches_scratches_156_1.jpg
rolled-in_scale,4,rolled-in_scale_rolled-in_scale_110_0.jpg
patches,2,patches_patches_166_3.jpg
pitted_surface,3,pitted_surface_pitted_surface_169_3.jpg
pitted_surface,3,pitted_surface_pitted_surface_40_2.jpg
patches,2,patches_patches_287_0.jpg
scratches,5,scratches_scratches_15_3.jpg
scratches,5,scratches_scratches_32_1.jpg
rolled-in_scale,4,rolled-in_scale_rolled-in_scale_128_3.jpg
rolled-in_scale,4,rolled-in_scale_rolled-in_scale_126_0.jpg
scratches,5,scratches_scratches_281_2.jpg
rolled-in_scale,4,rolled-in_scale_rolled-in_scale_284_1.jpg
crazing,0,crazing_crazing_208_0.jpg
scratches,5,scratches_scratches_85_4.jpg
rolled-in_scale,4,rolled-in_scale_rolled-in_scale_1_1.jpg
patches,2,patches_patches_72_4.jpg
inclusion,1,inclusion_inclusion_292_0.jpg
pitted_surface,3,pitted_surface_pitted_surface_216_4.jpg
crazing,0,crazing_crazing_219_2.jpg
rolled-in_scale,4,rolled-in_scale_rolled-in_scale_144_3.jpg
inclusion,1,inclusion_inclusion_12_2.jpg
pitted_surface,3,pitted_surface_pitted_surface_159_2.jpg
scratches,5,scratches_scratches_246_0.jpg
rolled-in_scale,4,rolled-in_scale_rolled-in_scale_208_3.jpg
inclusion,1,inclusion_inclusion_55_0.jpg
rolled-in_scale,4,rolled-in_scale_rolled-in_scale_232_3.jpg
crazing,0,crazing_crazing_164_3.jpg
patches,2,patches_patches_159_2.jpg
crazing,0,crazing_crazing_33_2.jpg
patches,2,patches_patches_240_3.jpg
scratches,5,scratches_scratches_258_4.jpg
crazing,0,crazing_crazing_52_2.jpg
crazing,0,crazing_crazing_195_4.jpg
rolled-in_scale,4,rolled-in_scale_rolled-in_scale_139_4.jpg
inclusion,1,inclusion_inclusion_240_1.jpg
scratches,5,scratches_scratches_21_1.jpg
scratches,5,scratches_scratches_4_2.jpg
scratches,5,scratches_scratches_175_3.jpg
patches,2,patches_patches_9_0.jpg
scratches,5,scratches_scratches_158_0.jpg
inclusion,1,inclusion_inclusion_55_3.jpg
rolled-in_scale,4,rolled-in_scale_rolled-in_scale_272_3.jpg
rolled-in_scale,4,rolled-in_scale_rolled-in_scale_242_4.jpg
rolled-in_scale,4,rolled-in_scale_rolled-in_scale_271_2.jpg
inclusion,1,inclusion_inclusion_65_1.jpg
patches,2,patches_patches_242_0.jpg
rolled-in_scale,4,rolled-in_scale_rolled-in_scale_83_3.jpg
pitted_surface,3,pitted_surface_pitted_surface_276_4.jpg
patches,2,patches_patches_151_1.jpg
patches,2,patches_patches_137_4.jpg
inclusion,1,inclusion_inclusion_277_4.jpg
patches,2,patches_patches_105_1.jpg
patches,2,patches_patches_274_0.jpg
scratches,5,scratches_scratches_257_1.jpg
crazing,0,crazing_crazing_174_1.jpg
scratches,5,scratches_scratches_12_0.jpg
inclusion,1,inclusion_inclusion_72_3.jpg
rolled-in_scale,4,rolled-in_scale_rolled-in_scale_57_1.jpg
rolled-in_scale,4,rolled-in_scale_rolled-in_scale_137_1.jpg
patches,2,patches_patches_300_0.jpg
pitted_surface,3,pitted_surface_pitted_surface_237_2.jpg
scratches,5,scratches_scratches_119_2.jpg
scratches,5,scratches_scratches_263_4.jpg
crazing,0,crazing_crazing_288_1.jpg
scratches,5,scratches_scratches_81_4.jpg
rolled-in_scale,4,rolled-in_scale_rolled-in_scale_115_3.jpg
crazing,0,crazing_crazing_104_0.jpg
crazing,0,crazing_crazing_35_3.jpg
inclusion,1,inclusion_inclusion_51_0.jpg
patches,2,patches_patches_237_0.jpg
inclusion,1,inclusion_inclusion_150_4.jpg
patches,2,patches_patches_256_0.jpg
pitted_surface,3,pitted_surface_pitted_surface_117_4.jpg
rolled-in_scale,4,rolled-in_scale_rolled-in_scale_296_4.jpg
pitted_surface,3,pitted_surface_pitted_surface_1_3.jpg
scratches,5,scratches_scratches_168_4.jpg
patches,2,patches_patches_257_3.jpg
pitted_surface,3,pitted_surface_pitted_surface_56_4.jpg
crazing,0,crazing_crazing_111_0.jpg
patches,2,patches_patches_31_4.jpg
scratches,5,scratches_scratches_4_1.jpg
pitted_surface,3,pitted_surface_pitted_surface_200_1.jpg
crazing,0,crazing_crazing_77_4.jpg
scratches,5,scratches_scratches_129_4.jpg
patches,2,patches_patches_161_4.jpg
crazing,0,crazing_crazing_59_2.jpg
scratches,5,scratches_scratches_230_0.jpg
scratches,5,scratches_scratches_140_1.jpg
pitted_surface,3,pitted_surface_pitted_surface_213_2.jpg
inclusion,1,inclusion_inclusion_173_0.jpg
crazing,0,crazing_crazing_244_3.jpg
rolled-in_scale,4,rolled-in_scale_rolled-in_scale_165_3.jpg
patches,2,patches_patches_78_2.jpg
crazing,0,crazing_crazing_214_4.jpg
scratches,5,scratches_scratches_14_1.jpg
rolled-in_scale,4,rolled-in_scale_rolled-in_scale_4_1.jpg
rolled-in_scale,4,rolled-in_scale_rolled-in_scale_16_3.jpg
scratches,5,scratches_scratches_277_3.jpg
pitted_surface,3,pitted_surface_pitted_surface_266_1.jpg
inclusion,1,inclusion_inclusion_84_0.jpg
pitted_surface,3,pitted_surface_pitted_surface_195_4.jpg
crazing,0,crazing_crazing_251_0.jpg
pitted_surface,3,pitted_surface_pitted_surface_288_4.jpg
pitted_surface,3,pitted_surface_pitted_surface_113_0.jpg
crazing,0,crazing_crazing_209_0.jpg
patches,2,patches_patches_283_0.jpg
crazing,0,crazing_crazing_80_0.jpg
scratches,5,scratches_scratches_53_4.jpg
inclusion,1,inclusion_inclusion_137_0.jpg
scratches,5,scratches_scratches_44_3.jpg
patches,2,patches_patches_106_3.jpg
patches,2,patches_patches_283_4.jpg
pitted_surface,3,pitted_surface_pitted_surface_62_1.jpg
scratches,5,scratches_scratches_137_1.jpg
patches,2,patches_patches_189_1.jpg
pitted_surface,3,pitted_surface_pitted_surface_217_1.jpg
rolled-in_scale,4,rolled-in_scale_rolled-in_scale_81_0.jpg
pitted_surface,3,pitted_surface_pitted_surface_109_1.jpg
rolled-in_scale,4,rolled-in_scale_rolled-in_scale_190_3.jpg
crazing,0,crazing_crazing_65_3.jpg
rolled-in_scale,4,rolled-in_scale_rolled-in_scale_231_0.jpg
patches,2,patches_patches_248_2.jpg
rolled-in_scale,4,rolled-in_scale_rolled-in_scale_163_3.jpg
crazing,0,crazing_crazing_267_0.jpg
patches,2,patches_patches_203_0.jpg
inclusion,1,inclusion_inclusion_286_4.jpg
crazing,0,crazing_crazing_41_2.jpg
crazing,0,crazing_crazing_220_1.jpg
patches,2,patches_patches_125_0.jpg
crazing,0,crazing_crazing_212_1.jpg
inclusion,1,inclusion_inclusion_279_2.jpg
rolled-in_scale,4,rolled-in_scale_rolled-in_scale_290_3.jpg
pitted_surface,3,pitted_surface_pitted_surface_47_1.jpg
patches,2,patches_patches_299_1.jpg
pitted_surface,3,pitted_surface_pitted_surface_235_1.jpg
pitted_surface,3,pitted_surface_pitted_surface_206_0.jpg
rolled-in_scale,4,rolled-in_scale_rolled-in_scale_214_2.jpg
scratches,5,scratches_scratches_93_2.jpg
crazing,0,crazing_crazing_43_1.jpg
pitted_surface,3,pitted_surface_pitted_surface_210_0.jpg
pitted_surface,3,pitted_surface_pitted_surface_298_2.jpg
scratches,5,scratches_scratches_128_1.jpg
patches,2,patches_patches_171_4.jpg
pitted_surface,3,pitted_surface_pitted_surface_183_4.jpg
crazing,0,crazing_crazing_114_0.jpg
patches,2,patches_patches_20_3.jpg
rolled-in_scale,4,rolled-in_scale_rolled-in_scale_274_4.jpg
scratches,5,scratches_scratches_68_4.jpg
scratches,5,scratches_scratches_138_1.jpg
crazing,0,crazing_crazing_130_0.jpg
crazing,0,crazing_crazing_68_1.jpg
crazing,0,crazing_crazing_40_1.jpg
inclusion,1,inclusion_inclusion_181_0.jpg
scratches,5,scratches_scratches_272_0.jpg
inclusion,1,inclusion_inclusion_13_1.jpg
scratches,5,scratches_scratches_105_2.jpg
inclusion,1,inclusion_inclusion_172_1.jpg
inclusion,1,inclusion_inclusion_212_3.jpg
patches,2,patches_patches_79_3.jpg
crazing,0,crazing_crazing_55_4.jpg
crazing,0,crazing_crazing_92_4.jpg
inclusion,1,inclusion_inclusion_67_0.jpg
patches,2,patches_patches_238_3.jpg
scratches,5,scratches_scratches_192_1.jpg
crazing,0,crazing_crazing_216_2.jpg
pitted_surface,3,pitted_surface_pitted_surface_46_3.jpg
scratches,5,scratches_scratches_144_3.jpg
scratches,5,scratches_scratches_276_3.jpg
pitted_surface,3,pitted_surface_pitted_surface_178_0.jpg
rolled-in_scale,4,rolled-in_scale_rolled-in_scale_58_0.jpg
inclusion,1,inclusion_inclusion_144_2.jpg
patches,2,patches_patches_213_4.jpg
scratches,5,scratches_scratches_215_4.jpg
rolled-in_scale,4,rolled-in_scale_rolled-in_scale_224_0.jpg
pitted_surface,3,pitted_surface_pitted_surface_57_3.jpg
pitted_surface,3,pitted_surface_pitted_surface_289_0.jpg
inclusion,1,inclusion_inclusion_30_1.jpg
crazing,0,crazing_crazing_53_1.jpg
crazing,0,crazing_crazing_157_3.jpg
scratches,5,scratches_scratches_159_2.jpg
patches,2,patches_patches_121_4.jpg
crazing,0,crazing_crazing_230_4.jpg
crazing,0,crazing_crazing_256_2.jpg
patches,2,patches_patches_168_3.jpg
pitted_surface,3,pitted_surface_pitted_surface_163_2.jpg
patches,2,patches_patches_226_0.jpg
rolled-in_scale,4,rolled-in_scale_rolled-in_scale_133_4.jpg
patches,2,patches_patches_245_4.jpg
crazing,0,crazing_crazing_14_3.jpg
inclusion,1,inclusion_inclusion_276_2.jpg
crazing,0,crazing_crazing_291_3.jpg
pitted_surface,3,pitted_surface_pitted_surface_214_0.jpg
patches,2,patches_patches_33_0.jpg
scratches,5,scratches_scratches_206_2.jpg
patches,2,patches_patches_238_4.jpg
pitted_surface,3,pitted_surface_pitted_surface_4_0.jpg
pitted_surface,3,pitted_surface_pitted_surface_224_2.jpg
patches,2,patches_patches_291_2.jpg
patches,2,patches_patches_230_1.jpg
pitted_surface,3,pitted_surface_pitted_surface_164_0.jpg
pitted_surface,3,pitted_surface_pitted_surface_226_0.jpg
scratches,5,scratches_scratches_5_2.jpg
crazing,0,crazing_crazing_163_2.jpg
pitted_surface,3,pitted_surface_pitted_surface_187_1.jpg
patches,2,patches_patches_96_0.jpg
rolled-in_scale,4,rolled-in_scale_rolled-in_scale_131_4.jpg
crazing,0,crazing_crazing_170_0.jpg
patches,2,patches_patches_10_2.jpg
inclusion,1,inclusion_inclusion_5_2.jpg
patches,2,patches_patches_153_0.jpg
patches,2,patches_patches_131_4.jpg
pitted_surface,3,pitted_surface_pitted_surface_8_4.jpg
patches,2,patches_patches_294_0.jpg
inclusion,1,inclusion_inclusion_284_1.jpg
inclusion,1,inclusion_inclusion_29_2.jpg
pitted_surface,3,pitted_surface_pitted_surface_271_2.jpg
crazing,0,crazing_crazing_68_4.jpg
patches,2,patches_patches_82_3.jpg
rolled-in_scale,4,rolled-in_scale_rolled-in_scale_206_3.jpg
inclusion,1,inclusion_inclusion_265_4.jpg
scratches,5,scratches_scratches_72_0.jpg
crazing,0,crazing_crazing_225_0.jpg
pitted_surface,3,pitted_surface_pitted_surface_89_1.jpg
rolled-in_scale,4,rolled-in_scale_rolled-in_scale_126_4.jpg
crazing,0,crazing_crazing_210_1.jpg
pitted_surface,3,pitted_surface_pitted_surface_280_4.jpg
rolled-in_scale,4,rolled-in_scale_rolled-in_scale_238_2.jpg
rolled-in_scale,4,rolled-in_scale_rolled-in_scale_10_4.jpg
crazing,0,crazing_crazing_110_0.jpg
scratches,5,scratches_scratches_69_1.jpg
crazing,0,crazing_crazing_236_4.jpg
pitted_surface,3,pitted_surface_pitted_surface_74_2.jpg
rolled-in_scale,4,rolled-in_scale_rolled-in_scale_114_2.jpg
crazing,0,crazing_crazing_300_4.jpg
patches,2,patches_patches_39_2.jpg
scratches,5,scratches_scratches_291_2.jpg
pitted_surface,3,pitted_surface_pitted_surface_209_0.jpg
crazing,0,crazing_crazing_199_3.jpg
scratches,5,scratches_scratches_186_4.jpg
rolled-in_scale,4,rolled-in_scale_rolled-in_scale_282_2.jpg
crazing,0,crazing_crazing_225_4.jpg
rolled-in_scale,4,rolled-in_scale_rolled-in_scale_9_4.jpg
patches,2,patches_patches_100_2.jpg
pitted_surface,3,pitted_surface_pitted_surface_18_3.jpg
rolled-in_scale,4,rolled-in_scale_rolled-in_scale_117_4.jpg
patches,2,patches_patches_219_3.jpg
pitted_surface,3,pitted_surface_pitted_surface_7_1.jpg
crazing,0,crazing_crazing_23_3.jpg
patches,2,patches_patches_195_1.jpg
scratches,5,scratches_scratches_232_4.jpg
patches,2,patches_patches_233_0.jpg
scratches,5,scratches_scratches_119_0.jpg
inclusion,1,inclusion_inclusion_43_0.jpg
scratches,5,scratches_scratches_120_3.jpg
patches,2,patches_patches_289_2.jpg
pitted_surface,3,pitted_surface_pitted_surface_219_2.jpg
pitted_surface,3,pitted_surface_pitted_surface_168_0.jpg
patches,2,patches_patches_255_4.jpg
crazing,0,crazing_crazing_165_3.jpg
rolled-in_scale,4,rolled-in_scale_rolled-in_scale_32_2.jpg
scratches,5,scratches_scratches_13_4.jpg
crazing,0,crazing_crazing_166_4.jpg
pitted_surface,3,pitted_surface_pitted_surface_44_3.jpg
inclusion,1,inclusion_inclusion_161_1.jpg
rolled-in_scale,4,rolled-in_scale_rolled-in_scale_291_3.jpg
inclusion,1,inclusion_inclusion_156_0.jpg
pitted_surface,3,pitted_surface_pitted_surface_26_0.jpg
pitted_surface,3,pitted_surface_pitted_surface_112_3.jpg
pitted_surface,3,pitted_surface_pitted_surface_179_4.jpg
crazing,0,crazing_crazing_117_1.jpg
patches,2,patches_patches_140_3.jpg
inclusion,1,inclusion_inclusion_271_2.jpg
rolled-in_scale,4,rolled-in_scale_rolled-in_scale_266_0.jpg
patches,2,patches_patches_27_0.jpg
crazing,0,crazing_crazing_32_1.jpg
scratches,5,scratches_scratches_91_1.jpg
inclusion,1,inclusion_inclusion_143_3.jpg
scratches,5,scratches_scratches_229_3.jpg
patches,2,patches_patches_245_2.jpg
crazing,0,crazing_crazing_49_1.jpg
pitted_surface,3,pitted_surface_pitted_surface_68_0.jpg
scratches,5,scratches_scratches_146_1.jpg
scratches,5,scratches_scratches_271_2.jpg
crazing,0,crazing_crazing_72_0.jpg
crazing,0,crazing_crazing_45_3.jpg
inclusion,1,inclusion_inclusion_257_1.jpg
crazing,0,crazing_crazing_187_1.jpg
pitted_surface,3,pitted_surface_pitted_surface_201_3.jpg
scratches,5,scratches_scratches_193_1.jpg
crazing,0,crazing_crazing_30_1.jpg
inclusion,1,inclusion_inclusion_119_2.jpg
inclusion,1,inclusion_inclusion_142_4.jpg
rolled-in_scale,4,rolled-in_scale_rolled-in_scale_214_3.jpg
rolled-in_scale,4,rolled-in_scale_rolled-in_scale_17_2.jpg
patches,2,patches_patches_272_4.jpg
inclusion,1,inclusion_inclusion_261_3.jpg
crazing,0,crazing_crazing_279_3.jpg
rolled-in_scale,4,rolled-in_scale_rolled-in_scale_121_2.jpg
rolled-in_scale,4,rolled-in_scale_rolled-in_scale_51_1.jpg
rolled-in_scale,4,rolled-in_scale_rolled-in_scale_212_2.jpg
inclusion,1,inclusion_inclusion_129_1.jpg
scratches,5,scratches_scratches_254_4.jpg
pitted_surface,3,pitted_surface_pitted_surface_260_2.jpg
pitted_surface,3,pitted_surface_pitted_surface_145_1.jpg
pitted_surface,3,pitted_surface_pitted_surface_204_0.jpg
pitted_surface,3,pitted_surface_pitted_surface_153_4.jpg
pitted_surface,3,pitted_surface_pitted_surface_4_1.jpg
patches,2,patches_patches_243_2.jpg
crazing,0,crazing_crazing_114_1.jpg
inclusion,1,inclusion_inclusion_220_4.jpg
crazing,0,crazing_crazing_110_1.jpg
inclusion,1,inclusion_inclusion_182_0.jpg
patches,2,patches_patches_114_0.jpg
crazing,0,crazing_crazing_3_3.jpg
pitted_surface,3,pitted_surface_pitted_surface_247_2.jpg
rolled-in_scale,4,rolled-in_scale_rolled-in_scale_77_1.jpg
rolled-in_scale,4,rolled-in_scale_rolled-in_scale_124_1.jpg
scratches,5,scratches_scratches_236_1.jpg
scratches,5,scratches_scratches_34_3.jpg
inclusion,1,inclusion_inclusion_35_4.jpg
crazing,0,crazing_crazing_60_2.jpg
patches,2,patches_patches_211_0.jpg
patches,2,patches_patches_158_4.jpg
crazing,0,crazing_crazing_128_3.jpg
pitted_surface,3,pitted_surface_pitted_surface_1_4.jpg
rolled-in_scale,4,rolled-in_scale_rolled-in_scale_146_2.jpg
crazing,0,crazing_crazing_264_0.jpg
crazing,0,crazing_crazing_169_1.jpg
pitted_surface,3,pitted_surface_pitted_surface_189_1.jpg
pitted_surface,3,pitted_surface_pitted_surface_232_3.jpg
rolled-in_scale,4,rolled-in_scale_rolled-in_scale_262_4.jpg
scratches,5,scratches_scratches_8_0.jpg
scratches,5,scratches_scratches_55_4.jpg
pitted_surface,3,pitted_surface_pitted_surface_12_3.jpg
pitted_surface,3,pitted_surface_pitted_surface_221_3.jpg
crazing,0,crazing_crazing_203_2.jpg
crazing,0,crazing_crazing_182_0.jpg
inclusion,1,inclusion_inclusion_275_1.jpg
patches,2,patches_patches_268_2.jpg
scratches,5,scratches_scratches_269_1.jpg
pitted_surface,3,pitted_surface_pitted_surface_230_1.jpg
scratches,5,scratches_scratches_241_4.jpg
inclusion,1,inclusion_inclusion_110_2.jpg
rolled-in_scale,4,rolled-in_scale_rolled-in_scale_216_4.jpg
scratches,5,scratches_scratches_208_4.jpg
crazing,0,crazing_crazing_50_3.jpg
rolled-in_scale,4,rolled-in_scale_rolled-in_scale_194_1.jpg
patches,2,patches_patches_41_3.jpg
pitted_surface,3,pitted_surface_pitted_surface_251_1.jpg
inclusion,1,inclusion_inclusion_165_0.jpg
scratches,5,scratches_scratches_267_1.jpg
pitted_surface,3,pitted_surface_pitted_surface_36_3.jpg
scratches,5,scratches_scratches_257_4.jpg
patches,2,patches_patches_73_0.jpg
inclusion,1,inclusion_inclusion_165_2.jpg
inclusion,1,inclusion_inclusion_89_3.jpg
scratches,5,scratches_scratches_200_1.jpg
inclusion,1,inclusion_inclusion_134_0.jpg
patches,2,patches_patches_166_1.jpg
scratches,5,scratches_scratches_81_3.jpg
scratches,5,scratches_scratches_3_0.jpg
pitted_surface,3,pitted_surface_pitted_surface_139_2.jpg
pitted_surface,3,pitted_surface_pitted_surface_177_2.jpg
pitted_surface,3,pitted_surface_pitted_surface_236_4.jpg
rolled-in_scale,4,rolled-in_scale_rolled-in_scale_295_1.jpg
patches,2,patches_patches_244_1.jpg
inclusion,1,inclusion_inclusion_236_4.jpg
scratches,5,scratches_scratches_144_1.jpg
crazing,0,crazing_crazing_18_0.jpg
pitted_surface,3,pitted_surface_pitted_surface_127_3.jpg
inclusion,1,inclusion_inclusion_229_4.jpg
rolled-in_scale,4,rolled-in_scale_rolled-in_scale_89_4.jpg
rolled-in_scale,4,rolled-in_scale_rolled-in_scale_78_2.jpg
crazing,0,crazing_crazing_60_3.jpg
pitted_surface,3,pitted_surface_pitted_surface_16_0.jpg
patches,2,patches_patches_78_1.jpg
scratches,5,scratches_scratches_219_0.jpg
crazing,0,crazing_crazing_72_1.jpg
rolled-in_scale,4,rolled-in_scale_rolled-in_scale_187_3.jpg
rolled-in_scale,4,rolled-in_scale_rolled-in_scale_151_1.jpg
rolled-in_scale,4,rolled-in_scale_rolled-in_scale_107_4.jpg
patches,2,patches_patches_296_0.jpg
pitted_surface,3,pitted_surface_pitted_surface_84_2.jpg
patches,2,patches_patches_15_1.jpg
scratches,5,scratches_scratches_179_1.jpg
crazing,0,crazing_crazing_64_4.jpg
scratches,5,scratches_scratches_282_1.jpg
inclusion,1,inclusion_inclusion_292_4.jpg
scratches,5,scratches_scratches_56_1.jpg
patches,2,patches_patches_144_3.jpg
scratches,5,scratches_scratches_71_4.jpg
pitted_surface,3,pitted_surface_pitted_surface_244_2.jpg
crazing,0,crazing_crazing_293_0.jpg
pitted_surface,3,pitted_surface_pitted_surface_122_1.jpg
crazing,0,crazing_crazing_63_0.jpg
crazing,0,crazing_crazing_179_0.jpg
crazing,0,crazing_crazing_177_4.jpg
inclusion,1,inclusion_inclusion_78_2.jpg
pitted_surface,3,pitted_surface_pitted_surface_151_4.jpg
inclusion,1,inclusion_inclusion_193_4.jpg
patches,2,patches_patches_234_1.jpg
scratches,5,scratches_scratches_258_0.jpg
inclusion,1,inclusion_inclusion_214_2.jpg
rolled-in_scale,4,rolled-in_scale_rolled-in_scale_292_1.jpg
crazing,0,crazing_crazing_206_4.jpg
rolled-in_scale,4,rolled-in_scale_rolled-in_scale_5_2.jpg
inclusion,1,inclusion_inclusion_264_4.jpg
rolled-in_scale,4,rolled-in_scale_rolled-in_scale_185_2.jpg
rolled-in_scale,4,rolled-in_scale_rolled-in_scale_225_4.jpg
scratches,5,scratches_scratches_39_0.jpg
crazing,0,crazing_crazing_149_3.jpg
rolled-in_scale,4,rolled-in_scale_rolled-in_scale_249_2.jpg
rolled-in_scale,4,rolled-in_scale_rolled-in_scale_46_4.jpg
crazing,0,crazing_crazing_56_1.jpg
scratches,5,scratches_scratches_130_1.jpg
scratches,5,scratches_scratches_161_1.jpg
crazing,0,crazing_crazing_139_1.jpg
rolled-in_scale,4,rolled-in_scale_rolled-in_scale_293_1.jpg
pitted_surface,3,pitted_surface_pitted_surface_215_2.jpg
scratches,5,scratches_scratches_124_2.jpg
pitted_surface,3,pitted_surface_pitted_surface_96_3.jpg
inclusion,1,inclusion_inclusion_23_4.jpg
rolled-in_scale,4,rolled-in_scale_rolled-in_scale_252_0.jpg
crazing,0,crazing_crazing_44_4.jpg
pitted_surface,3,pitted_surface_pitted_surface_11_4.jpg
crazing,0,crazing_crazing_127_1.jpg
pitted_surface,3,pitted_surface_pitted_surface_60_0.jpg
rolled-in_scale,4,rolled-in_scale_rolled-in_scale_150_2.jpg
crazing,0,crazing_crazing_259_4.jpg
pitted_surface,3,pitted_surface_pitted_surface_234_0.jpg
pitted_surface,3,pitted_surface_pitted_surface_83_3.jpg
patches,2,patches_patches_76_0.jpg
rolled-in_scale,4,rolled-in_scale_rolled-in_scale_45_3.jpg
scratches,5,scratches_scratches_295_2.jpg
inclusion,1,inclusion_inclusion_50_2.jpg
inclusion,1,inclusion_inclusion_286_1.jpg
patches,2,patches_patches_153_3.jpg
inclusion,1,inclusion_inclusion_180_2.jpg
inclusion,1,inclusion_inclusion_206_4.jpg
rolled-in_scale,4,rolled-in_scale_rolled-in_scale_269_3.jpg
scratches,5,scratches_scratches_205_1.jpg
patches,2,patches_patches_110_4.jpg
patches,2,patches_patches_209_4.jpg
rolled-in_scale,4,rolled-in_scale_rolled-in_scale_27_2.jpg
pitted_surface,3,pitted_surface_pitted_surface_21_4.jpg
patches,2,patches_patches_291_3.jpg
rolled-in_scale,4,rolled-in_scale_rolled-in_scale_244_4.jpg
rolled-in_scale,4,rolled-in_scale_rolled-in_scale_240_4.jpg
scratches,5,scratches_scratches_36_3.jpg
pitted_surface,3,pitted_surface_pitted_surface_260_4.jpg
crazing,0,crazing_crazing_139_0.jpg
inclusion,1,inclusion_inclusion_153_1.jpg
crazing,0,crazing_crazing_29_2.jpg
inclusion,1,inclusion_inclusion_134_1.jpg
inclusion,1,inclusion_inclusion_212_0.jpg
crazing,0,crazing_crazing_111_3.jpg
rolled-in_scale,4,rolled-in_scale_rolled-in_scale_39_3.jpg
rolled-in_scale,4,rolled-in_scale_rolled-in_scale_106_2.jpg
scratches,5,scratches_scratches_234_1.jpg
patches,2,patches_patches_37_0.jpg
inclusion,1,inclusion_inclusion_195_0.jpg
inclusion,1,inclusion_inclusion_171_2.jpg
inclusion,1,inclusion_inclusion_256_1.jpg
inclusion,1,inclusion_inclusion_109_4.jpg
pitted_surface,3,pitted_surface_pitted_surface_184_4.jpg
crazing,0,crazing_crazing_289_4.jpg
pitted_surface,3,pitted_surface_pitted_surface_96_0.jpg
scratches,5,scratches_scratches_85_3.jpg
scratches,5,scratches_scratches_94_1.jpg
crazing,0,crazing_crazing_5_2.jpg
rolled-in_scale,4,rolled-in_scale_rolled-in_scale_218_3.jpg
crazing,0,crazing_crazing_110_2.jpg
rolled-in_scale,4,rolled-in_scale_rolled-in_scale_244_1.jpg
crazing,0,crazing_crazing_168_3.jpg
crazing,0,crazing_crazing_19_0.jpg
pitted_surface,3,pitted_surface_pitted_surface_138_0.jpg
patches,2,patches_patches_188_4.jpg
rolled-in_scale,4,rolled-in_scale_rolled-in_scale_170_1.jpg
rolled-in_scale,4,rolled-in_scale_rolled-in_scale_156_4.jpg
inclusion,1,inclusion_inclusion_217_2.jpg
scratches,5,scratches_scratches_96_1.jpg
patches,2,patches_patches_199_1.jpg
rolled-in_scale,4,rolled-in_scale_rolled-in_scale_167_2.jpg
inclusion,1,inclusion_inclusion_254_2.jpg
scratches,5,scratches_scratches_296_1.jpg
scratches,5,scratches_scratches_114_3.jpg
rolled-in_scale,4,rolled-in_scale_rolled-in_scale_289_4.jpg
pitted_surface,3,pitted_surface_pitted_surface_286_4.jpg
patches,2,patches_patches_268_1.jpg
crazing,0,crazing_crazing_20_0.jpg
scratches,5,scratches_scratches_155_1.jpg
patches,2,patches_patches_126_0.jpg
pitted_surface,3,pitted_surface_pitted_surface_279_2.jpg
patches,2,patches_patches_173_0.jpg
pitted_surface,3,pitted_surface_pitted_surface_218_2.jpg
pitted_surface,3,pitted_surface_pitted_surface_264_0.jpg
patches,2,patches_patches_212_0.jpg
rolled-in_scale,4,rolled-in_scale_rolled-in_scale_176_4.jpg
crazing,0,crazing_crazing_257_4.jpg
crazing,0,crazing_crazing_37_4.jpg
inclusion,1,inclusion_inclusion_32_1.jpg
patches,2,patches_patches_203_4.jpg
inclusion,1,inclusion_inclusion_223_1.jpg
patches,2,patches_patches_240_4.jpg
crazing,0,crazing_crazing_231_3.jpg
crazing,0,crazing_crazing_205_4.jpg
crazing,0,crazing_crazing_185_0.jpg
crazing,0,crazing_crazing_71_0.jpg
patches,2,patches_patches_220_1.jpg
pitted_surface,3,pitted_surface_pitted_surface_2_2.jpg
scratches,5,scratches_scratches_183_0.jpg
patches,2,patches_patches_238_2.jpg
rolled-in_scale,4,rolled-in_scale_rolled-in_scale_298_1.jpg
pitted_surface,3,pitted_surface_pitted_surface_88_0.jpg
crazing,0,crazing_crazing_166_0.jpg
patches,2,patches_patches_1_4.jpg
pitted_surface,3,pitted_surface_pitted_surface_291_4.jpg
rolled-in_scale,4,rolled-in_scale_rolled-in_scale_64_3.jpg
inclusion,1,inclusion_inclusion_269_2.jpg
pitted_surface,3,pitted_surface_pitted_surface_3_0.jpg
inclusion,1,inclusion_inclusion_296_3.jpg
pitted_surface,3,pitted_surface_pitted_surface_287_0.jpg
crazing,0,crazing_crazing_142_4.jpg
crazing,0,crazing_crazing_141_3.jpg
pitted_surface,3,pitted_surface_pitted_surface_42_4.jpg
rolled-in_scale,4,rolled-in_scale_rolled-in_scale_244_0.jpg
crazing,0,crazing_crazing_133_1.jpg
scratches,5,scratches_scratches_216_0.jpg
crazing,0,crazing_crazing_175_1.jpg
patches,2,patches_patches_282_4.jpg
inclusion,1,inclusion_inclusion_298_4.jpg
rolled-in_scale,4,rolled-in_scale_rolled-in_scale_32_4.jpg
pitted_surface,3,pitted_surface_pitted_surface_68_4.jpg
crazing,0,crazing_crazing_78_0.jpg
scratches,5,scratches_scratches_280_3.jpg
pitted_surface,3,pitted_surface_pitted_surface_282_0.jpg
inclusion,1,inclusion_inclusion_141_0.jpg
crazing,0,crazing_crazing_19_4.jpg
patches,2,patches_patches_297_2.jpg
crazing,0,crazing_crazing_120_0.jpg
scratches,5,scratches_scratches_3_1.jpg
pitted_surface,3,pitted_surface_pitted_surface_108_0.jpg
crazing,0,crazing_crazing_91_0.jpg
inclusion,1,inclusion_inclusion_282_4.jpg
crazing,0,crazing_crazing_111_4.jpg
pitted_surface,3,pitted_surface_pitted_surface_227_4.jpg
scratches,5,scratches_scratches_97_4.jpg
patches,2,patches_patches_277_3.jpg
scratches,5,scratches_scratches_212_4.jpg
crazing,0,crazing_crazing_183_2.jpg
crazing,0,crazing_crazing_211_3.jpg
patches,2,patches_patches_201_0.jpg
rolled-in_scale,4,rolled-in_scale_rolled-in_scale_64_2.jpg
inclusion,1,inclusion_inclusion_169_2.jpg
inclusion,1,inclusion_inclusion_214_1.jpg
rolled-in_scale,4,rolled-in_scale_rolled-in_scale_183_3.jpg
scratches,5,scratches_scratches_127_0.jpg
rolled-in_scale,4,rolled-in_scale_rolled-in_scale_123_4.jpg
crazing,0,crazing_crazing_54_2.jpg
inclusion,1,inclusion_inclusion_79_0.jpg
pitted_surface,3,pitted_surface_pitted_surface_281_3.jpg
rolled-in_scale,4,rolled-in_scale_rolled-in_scale_23_4.jpg
scratches,5,scratches_scratches_200_3.jpg
inclusion,1,inclusion_inclusion_266_2.jpg
scratches,5,scratches_scratches_6_3.jpg
scratches,5,scratches_scratches_157_3.jpg
inclusion,1,inclusion_inclusion_199_1.jpg
patches,2,patches_patches_264_1.jpg
rolled-in_scale,4,rolled-in_scale_rolled-in_scale_208_2.jpg
scratches,5,scratches_scratches_47_3.jpg
scratches,5,scratches_scratches_154_0.jpg
patches,2,patches_patches_224_1.jpg
scratches,5,scratches_scratches_213_2.jpg
pitted_surface,3,pitted_surface_pitted_surface_91_0.jpg
pitted_surface,3,pitted_surface_pitted_surface_274_0.jpg
rolled-in_scale,4,rolled-in_scale_rolled-in_scale_61_2.jpg
pitted_surface,3,pitted_surface_pitted_surface_76_2.jpg
crazing,0,crazing_crazing_19_3.jpg
pitted_surface,3,pitted_surface_pitted_surface_148_0.jpg
crazing,0,crazing_crazing_226_1.jpg
pitted_surface,3,pitted_surface_pitted_surface_292_4.jpg
crazing,0,crazing_crazing_62_0.jpg
patches,2,patches_patches_293_4.jpg
pitted_surface,3,pitted_surface_pitted_surface_23_3.jpg
rolled-in_scale,4,rolled-in_scale_rolled-in_scale_281_4.jpg
crazing,0,crazing_crazing_205_3.jpg
inclusion,1,inclusion_inclusion_298_2.jpg
inclusion,1,inclusion_inclusion_120_3.jpg
crazing,0,crazing_crazing_86_0.jpg
crazing,0,crazing_crazing_158_3.jpg
scratches,5,scratches_scratches_148_2.jpg
crazing,0,crazing_crazing_30_2.jpg
rolled-in_scale,4,rolled-in_scale_rolled-in_scale_114_4.jpg
scratches,5,scratches_scratches_275_0.jpg
scratches,5,scratches_scratches_159_3.jpg
rolled-in_scale,4,rolled-in_scale_rolled-in_scale_169_2.jpg
scratches,5,scratches_scratches_259_4.jpg
scratches,5,scratches_scratches_37_1.jpg
pitted_surface,3,pitted_surface_pitted_surface_13_0.jpg
rolled-in_scale,4,rolled-in_scale_rolled-in_scale_196_3.jpg
patches,2,patches_patches_131_1.jpg
crazing,0,crazing_crazing_258_4.jpg
rolled-in_scale,4,rolled-in_scale_rolled-in_scale_261_2.jpg
pitted_surface,3,pitted_surface_pitted_surface_119_2.jpg
patches,2,patches_patches_200_4.jpg
inclusion,1,inclusion_inclusion_56_1.jpg
pitted_surface,3,pitted_surface_pitted_surface_198_3.jpg
crazing,0,crazing_crazing_111_1.jpg
inclusion,1,inclusion_inclusion_128_0.jpg
crazing,0,crazing_crazing_80_3.jpg
patches,2,patches_patches_289_1.jpg
pitted_surface,3,pitted_surface_pitted_surface_225_3.jpg
pitted_surface,3,pitted_surface_pitted_surface_43_0.jpg
patches,2,patches_patches_92_2.jpg
inclusion,1,inclusion_inclusion_293_1.jpg
inclusion,1,inclusion_inclusion_130_2.jpg
pitted_surface,3,pitted_surface_pitted_surface_176_0.jpg
pitted_surface,3,pitted_surface_pitted_surface_133_0.jpg
pitted_surface,3,pitted_surface_pitted_surface_142_0.jpg
pitted_surface,3,pitted_surface_pitted_surface_106_0.jpg
scratches,5,scratches_scratches_40_0.jpg
scratches,5,scratches_scratches_220_1.jpg
inclusion,1,inclusion_inclusion_234_3.jpg
scratches,5,scratches_scratches_271_3.jpg
inclusion,1,inclusion_inclusion_175_4.jpg
patches,2,patches_patches_255_2.jpg
rolled-in_scale,4,rolled-in_scale_rolled-in_scale_116_3.jpg
pitted_surface,3,pitted_surface_pitted_surface_189_0.jpg
scratches,5,scratches_scratches_201_3.jpg
inclusion,1,inclusion_inclusion_208_0.jpg
inclusion,1,inclusion_inclusion_57_4.jpg
crazing,0,crazing_crazing_70_2.jpg
rolled-in_scale,4,rolled-in_scale_rolled-in_scale_185_1.jpg
crazing,0,crazing_crazing_33_3.jpg
inclusion,1,inclusion_inclusion_59_1.jpg
inclusion,1,inclusion_inclusion_170_4.jpg
patches,2,patches_patches_283_1.jpg
rolled-in_scale,4,rolled-in_scale_rolled-in_scale_33_1.jpg
inclusion,1,inclusion_inclusion_204_1.jpg
scratches,5,scratches_scratches_253_2.jpg
scratches,5,scratches_scratches_158_1.jpg
rolled-in_scale,4,rolled-in_scale_rolled-in_scale_138_2.jpg
scratches,5,scratches_scratches_229_0.jpg
scratches,5,scratches_scratches_128_2.jpg
crazing,0,crazing_crazing_147_0.jpg
scratches,5,scratches_scratches_222_4.jpg
patches,2,patches_patches_144_1.jpg
rolled-in_scale,4,rolled-in_scale_rolled-in_scale_95_2.jpg
crazing,0,crazing_crazing_96_0.jpg
scratches,5,scratches_scratches_167_1.jpg
patches,2,patches_patches_266_1.jpg
scratches,5,scratches_scratches_270_1.jpg
rolled-in_scale,4,rolled-in_scale_rolled-in_scale_192_3.jpg
inclusion,1,inclusion_inclusion_226_0.jpg
rolled-in_scale,4,rolled-in_scale_rolled-in_scale_180_3.jpg
rolled-in_scale,4,rolled-in_scale_rolled-in_scale_242_1.jpg
pitted_surface,3,pitted_surface_pitted_surface_270_3.jpg
rolled-in_scale,4,rolled-in_scale_rolled-in_scale_187_1.jpg
crazing,0,crazing_crazing_190_0.jpg
scratches,5,scratches_scratches_149_4.jpg
inclusion,1,inclusion_inclusion_177_0.jpg
pitted_surface,3,pitted_surface_pitted_surface_272_4.jpg
pitted_surface,3,pitted_surface_pitted_surface_22_0.jpg
inclusion,1,inclusion_inclusion_245_4.jpg
scratches,5,scratches_scratches_211_1.jpg
crazing,0,crazing_crazing_75_1.jpg
inclusion,1,inclusion_inclusion_20_3.jpg
pitted_surface,3,pitted_surface_pitted_surface_171_2.jpg
patches,2,patches_patches_242_4.jpg
pitted_surface,3,pitted_surface_pitted_surface_68_1.jpg
pitted_surface,3,pitted_surface_pitted_surface_127_4.jpg
crazing,0,crazing_crazing_270_3.jpg
crazing,0,crazing_crazing_181_3.jpg
inclusion,1,inclusion_inclusion_94_2.jpg
crazing,0,crazing_crazing_134_0.jpg
patches,2,patches_patches_273_2.jpg
patches,2,patches_patches_10_4.jpg
inclusion,1,inclusion_inclusion_88_0.jpg
rolled-in_scale,4,rolled-in_scale_rolled-in_scale_265_2.jpg
patches,2,patches_patches_7_1.jpg
inclusion,1,inclusion_inclusion_138_4.jpg
pitted_surface,3,pitted_surface_pitted_surface_131_1.jpg
inclusion,1,inclusion_inclusion_170_0.jpg
patches,2,patches_patches_97_3.jpg
scratches,5,scratches_scratches_285_0.jpg
inclusion,1,inclusion_inclusion_158_4.jpg
patches,2,patches_patches_252_0.jpg
pitted_surface,3,pitted_surface_pitted_surface_116_4.jpg
pitted_surface,3,pitted_surface_pitted_surface_217_0.jpg
patches,2,patches_patches_27_2.jpg
rolled-in_scale,4,rolled-in_scale_rolled-in_scale_16_0.jpg
inclusion,1,inclusion_inclusion_80_4.jpg
rolled-in_scale,4,rolled-in_scale_rolled-in_scale_13_3.jpg
patches,2,patches_patches_233_2.jpg
rolled-in_scale,4,rolled-in_scale_rolled-in_scale_258_2.jpg
scratches,5,scratches_scratches_56_0.jpg
crazing,0,crazing_crazing_128_4.jpg
pitted_surface,3,pitted_surface_pitted_surface_131_2.jpg
scratches,5,scratches_scratches_76_3.jpg
patches,2,patches_patches_174_1.jpg
rolled-in_scale,4,rolled-in_scale_rolled-in_scale_79_2.jpg
pitted_surface,3,pitted_surface_pitted_surface_28_2.jpg
pitted_surface,3,pitted_surface_pitted_surface_273_1.jpg
patches,2,patches_patches_156_1.jpg
inclusion,1,inclusion_inclusion_150_0.jpg
patches,2,patches_patches_44_4.jpg
patches,2,patches_patches_104_1.jpg
scratches,5,scratches_scratches_298_2.jpg
crazing,0,crazing_crazing_128_2.jpg
scratches,5,scratches_scratches_54_1.jpg
crazing,0,crazing_crazing_161_1.jpg
inclusion,1,inclusion_inclusion_125_0.jpg
scratches,5,scratches_scratches_271_1.jpg
scratches,5,scratches_scratches_55_2.jpg
rolled-in_scale,4,rolled-in_scale_rolled-in_scale_174_2.jpg
scratches,5,scratches_scratches_254_0.jpg
crazing,0,crazing_crazing_220_2.jpg
inclusion,1,inclusion_inclusion_203_2.jpg
rolled-in_scale,4,rolled-in_scale_rolled-in_scale_88_2.jpg
crazing,0,crazing_crazing_118_4.jpg
rolled-in_scale,4,rolled-in_scale_rolled-in_scale_280_4.jpg
scratches,5,scratches_scratches_187_2.jpg
crazing,0,crazing_crazing_190_2.jpg
inclusion,1,inclusion_inclusion_167_0.jpg
rolled-in_scale,4,rolled-in_scale_rolled-in_scale_180_4.jpg
patches,2,patches_patches_241_4.jpg
crazing,0,crazing_crazing_203_1.jpg
patches,2,patches_patches_31_1.jpg
pitted_surface,3,pitted_surface_pitted_surface_205_3.jpg
rolled-in_scale,4,rolled-in_scale_rolled-in_scale_284_0.jpg
inclusion,1,inclusion_inclusion_123_0.jpg
pitted_surface,3,pitted_surface_pitted_surface_134_0.jpg
pitted_surface,3,pitted_surface_pitted_surface_177_4.jpg
rolled-in_scale,4,rolled-in_scale_rolled-in_scale_197_4.jpg
patches,2,patches_patches_284_2.jpg
crazing,0,crazing_crazing_159_2.jpg
inclusion,1,inclusion_inclusion_160_3.jpg
patches,2,patches_patches_176_1.jpg
inclusion,1,inclusion_inclusion_284_0.jpg
rolled-in_scale,4,rolled-in_scale_rolled-in_scale_227_3.jpg
patches,2,patches_patches_285_0.jpg
inclusion,1,inclusion_inclusion_92_4.jpg
scratches,5,scratches_scratches_211_4.jpg
patches,2,patches_patches_81_2.jpg
pitted_surface,3,pitted_surface_pitted_surface_269_0.jpg
crazing,0,crazing_crazing_162_0.jpg
crazing,0,crazing_crazing_144_1.jpg
patches,2,patches_patches_183_0.jpg
pitted_surface,3,pitted_surface_pitted_surface_276_3.jpg
rolled-in_scale,4,rolled-in_scale_rolled-in_scale_106_0.jpg
rolled-in_scale,4,rolled-in_scale_rolled-in_scale_116_0.jpg
patches,2,patches_patches_239_1.jpg
patches,2,patches_patches_218_3.jpg
crazing,0,crazing_crazing_141_4.jpg
inclusion,1,inclusion_inclusion_217_3.jpg
patches,2,patches_patches_21_0.jpg
rolled-in_scale,4,rolled-in_scale_rolled-in_scale_165_4.jpg
crazing,0,crazing_crazing_218_1.jpg
crazing,0,crazing_crazing_40_3.jpg
patches,2,patches_patches_107_0.jpg
rolled-in_scale,4,rolled-in_scale_rolled-in_scale_65_0.jpg
pitted_surface,3,pitted_surface_pitted_surface_228_2.jpg
crazing,0,crazing_crazing_45_2.jpg
rolled-in_scale,4,rolled-in_scale_rolled-in_scale_231_4.jpg
rolled-in_scale,4,rolled-in_scale_rolled-in_scale_97_1.jpg
crazing,0,crazing_crazing_156_4.jpg
scratches,5,scratches_scratches_79_0.jpg
patches,2,patches_patches_248_1.jpg
patches,2,patches_patches_271_4.jpg
scratches,5,scratches_scratches_29_3.jpg
rolled-in_scale,4,rolled-in_scale_rolled-in_scale_214_0.jpg
inclusion,1,inclusion_inclusion_251_0.jpg
patches,2,patches_patches_113_4.jpg
pitted_surface,3,pitted_surface_pitted_surface_253_0.jpg
crazing,0,crazing_crazing_154_1.jpg
scratches,5,scratches_scratches_25_1.jpg
inclusion,1,inclusion_inclusion_59_2.jpg
inclusion,1,inclusion_inclusion_177_3.jpg
scratches,5,scratches_scratches_176_1.jpg
crazing,0,crazing_crazing_231_1.jpg
crazing,0,crazing_crazing_25_4.jpg
inclusion,1,inclusion_inclusion_29_4.jpg
crazing,0,crazing_crazing_70_0.jpg
pitted_surface,3,pitted_surface_pitted_surface_2_1.jpg
patches,2,patches_patches_276_1.jpg
rolled-in_scale,4,rolled-in_scale_rolled-in_scale_47_3.jpg
inclusion,1,inclusion_inclusion_105_0.jpg
patches,2,patches_patches_129_2.jpg
pitted_surface,3,pitted_surface_pitted_surface_219_4.jpg
patches,2,patches_patches_229_3.jpg
inclusion,1,inclusion_inclusion_27_3.jpg
inclusion,1,inclusion_inclusion_151_0.jpg
crazing,0,crazing_crazing_289_2.jpg
patches,2,patches_patches_45_2.jpg
patches,2,patches_patches_77_0.jpg
inclusion,1,inclusion_inclusion_178_3.jpg
inclusion,1,inclusion_inclusion_300_3.jpg
rolled-in_scale,4,rolled-in_scale_rolled-in_scale_47_0.jpg
inclusion,1,inclusion_inclusion_116_0.jpg
scratches,5,scratches_scratches_63_0.jpg
inclusion,1,inclusion_inclusion_190_4.jpg
rolled-in_scale,4,rolled-in_scale_rolled-in_scale_155_1.jpg
rolled-in_scale,4,rolled-in_scale_rolled-in_scale_166_3.jpg
rolled-in_scale,4,rolled-in_scale_rolled-in_scale_68_0.jpg
pitted_surface,3,pitted_surface_pitted_surface_280_0.jpg
scratches,5,scratches_scratches_25_0.jpg
pitted_surface,3,pitted_surface_pitted_surface_261_4.jpg
crazing,0,crazing_crazing_89_3.jpg
patches,2,patches_patches_103_3.jpg
rolled-in_scale,4,rolled-in_scale_rolled-in_scale_98_0.jpg
rolled-in_scale,4,rolled-in_scale_rolled-in_scale_252_4.jpg
crazing,0,crazing_crazing_32_2.jpg
pitted_surface,3,pitted_surface_pitted_surface_293_4.jpg
pitted_surface,3,pitted_surface_pitted_surface_64_3.jpg
crazing,0,crazing_crazing_225_1.jpg
crazing,0,crazing_crazing_141_2.jpg
rolled-in_scale,4,rolled-in_scale_rolled-in_scale_25_2.jpg
inclusion,1,inclusion_inclusion_212_1.jpg
patches,2,patches_patches_75_1.jpg
inclusion,1,inclusion_inclusion_213_4.jpg
patches,2,patches_patches_169_4.jpg
patches,2,patches_patches_167_2.jpg
rolled-in_scale,4,rolled-in_scale_rolled-in_scale_62_1.jpg
crazing,0,crazing_crazing_184_1.jpg
pitted_surface,3,pitted_surface_pitted_surface_186_2.jpg
crazing,0,crazing_crazing_116_1.jpg
scratches,5,scratches_scratches_41_3.jpg
pitted_surface,3,pitted_surface_pitted_surface_231_4.jpg
patches,2,patches_patches_70_4.jpg
inclusion,1,inclusion_inclusion_5_1.jpg
pitted_surface,3,pitted_surface_pitted_surface_153_2.jpg
rolled-in_scale,4,rolled-in_scale_rolled-in_scale_51_3.jpg
inclusion,1,inclusion_inclusion_136_1.jpg
inclusion,1,inclusion_inclusion_9_3.jpg
crazing,0,crazing_crazing_50_1.jpg
crazing,0,crazing_crazing_1_0.jpg
inclusion,1,inclusion_inclusion_128_3.jpg
crazing,0,crazing_crazing_66_4.jpg
inclusion,1,inclusion_inclusion_239_0.jpg
pitted_surface,3,pitted_surface_pitted_surface_233_4.jpg
patches,2,patches_patches_116_4.jpg
pitted_surface,3,pitted_surface_pitted_surface_83_0.jpg
pitted_surface,3,pitted_surface_pitted_surface_293_0.jpg
inclusion,1,inclusion_inclusion_209_0.jpg
rolled-in_scale,4,rolled-in_scale_rolled-in_scale_104_3.jpg
pitted_surface,3,pitted_surface_pitted_surface_146_1.jpg
rolled-in_scale,4,rolled-in_scale_rolled-in_scale_197_0.jpg
inclusion,1,inclusion_inclusion_82_2.jpg
crazing,0,crazing_crazing_10_0.jpg
patches,2,patches_patches_221_0.jpg
scratches,5,scratches_scratches_65_1.jpg
inclusion,1,inclusion_inclusion_206_1.jpg
crazing,0,crazing_crazing_218_2.jpg
scratches,5,scratches_scratches_106_0.jpg
inclusion,1,inclusion_inclusion_64_2.jpg
rolled-in_scale,4,rolled-in_scale_rolled-in_scale_146_3.jpg
crazing,0,crazing_crazing_269_3.jpg
patches,2,patches_patches_214_4.jpg
inclusion,1,inclusion_inclusion_246_2.jpg
pitted_surface,3,pitted_surface_pitted_surface_4_2.jpg
pitted_surface,3,pitted_surface_pitted_surface_44_0.jpg
scratches,5,scratches_scratches_182_3.jpg
rolled-in_scale,4,rolled-in_scale_rolled-in_scale_266_3.jpg
rolled-in_scale,4,rolled-in_scale_rolled-in_scale_124_4.jpg
crazing,0,crazing_crazing_195_3.jpg
rolled-in_scale,4,rolled-in_scale_rolled-in_scale_87_4.jpg
patches,2,patches_patches_272_1.jpg
pitted_surface,3,pitted_surface_pitted_surface_49_1.jpg
rolled-in_scale,4,rolled-in_scale_rolled-in_scale_95_3.jpg
pitted_surface,3,pitted_surface_pitted_surface_87_4.jpg
rolled-in_scale,4,rolled-in_scale_rolled-in_scale_10_1.jpg
pitted_surface,3,pitted_surface_pitted_surface_2_4.jpg
pitted_surface,3,pitted_surface_pitted_surface_254_3.jpg
patches,2,patches_patches_144_2.jpg
rolled-in_scale,4,rolled-in_scale_rolled-in_scale_78_3.jpg
patches,2,patches_patches_282_3.jpg
pitted_surface,3,pitted_surface_pitted_surface_293_3.jpg
pitted_surface,3,pitted_surface_pitted_surface_89_2.jpg
scratches,5,scratches_scratches_5_3.jpg
patches,2,patches_patches_14_3.jpg
pitted_surface,3,pitted_surface_pitted_surface_246_0.jpg
scratches,5,scratches_scratches_143_3.jpg
rolled-in_scale,4,rolled-in_scale_rolled-in_scale_137_2.jpg
crazing,0,crazing_crazing_243_3.jpg
crazing,0,crazing_crazing_92_2.jpg
crazing,0,crazing_crazing_122_2.jpg
pitted_surface,3,pitted_surface_pitted_surface_2_0.jpg
scratches,5,scratches_scratches_289_0.jpg
inclusion,1,inclusion_inclusion_150_3.jpg
crazing,0,crazing_crazing_91_1.jpg
patches,2,patches_patches_139_0.jpg
scratches,5,scratches_scratches_66_1.jpg
crazing,0,crazing_crazing_88_0.jpg
crazing,0,crazing_crazing_265_2.jpg
rolled-in_scale,4,rolled-in_scale_rolled-in_scale_88_4.jpg
crazing,0,crazing_crazing_215_4.jpg
pitted_surface,3,pitted_surface_pitted_surface_33_3.jpg
rolled-in_scale,4,rolled-in_scale_rolled-in_scale_208_0.jpg
pitted_surface,3,pitted_surface_pitted_surface_135_2.jpg
inclusion,1,inclusion_inclusion_236_1.jpg
crazing,0,crazing_crazing_140_1.jpg
patches,2,patches_patches_89_2.jpg
pitted_surface,3,pitted_surface_pitted_surface_175_0.jpg
crazing,0,crazing_crazing_105_1.jpg
pitted_surface,3,pitted_surface_pitted_surface_9_4.jpg
crazing,0,crazing_crazing_16_4.jpg
pitted_surface,3,pitted_surface_pitted_surface_287_4.jpg
rolled-in_scale,4,rolled-in_scale_rolled-in_scale_235_3.jpg
crazing,0,crazing_crazing_21_2.jpg
pitted_surface,3,pitted_surface_pitted_surface_56_1.jpg
patches,2,patches_patches_247_2.jpg
scratches,5,scratches_scratches_1_1.jpg
rolled-in_scale,4,rolled-in_scale_rolled-in_scale_122_0.jpg
inclusion,1,inclusion_inclusion_69_3.jpg
scratches,5,scratches_scratches_15_4.jpg
scratches,5,scratches_scratches_123_2.jpg
crazing,0,crazing_crazing_280_2.jpg
crazing,0,crazing_crazing_288_4.jpg
crazing,0,crazing_crazing_57_3.jpg
patches,2,patches_patches_4_2.jpg
rolled-in_scale,4,rolled-in_scale_rolled-in_scale_29_1.jpg
patches,2,patches_patches_193_3.jpg
pitted_surface,3,pitted_surface_pitted_surface_215_1.jpg
pitted_surface,3,pitted_surface_pitted_surface_216_1.jpg
inclusion,1,inclusion_inclusion_151_1.jpg
inclusion,1,inclusion_inclusion_288_1.jpg
scratches,5,scratches_scratches_169_3.jpg
scratches,5,scratches_scratches_141_3.jpg
inclusion,1,inclusion_inclusion_241_4.jpg
patches,2,patches_patches_226_4.jpg
scratches,5,scratches_scratches_207_3.jpg
pitted_surface,3,pitted_surface_pitted_surface_57_0.jpg
rolled-in_scale,4,rolled-in_scale_rolled-in_scale_155_0.jpg
pitted_surface,3,pitted_surface_pitted_surface_23_4.jpg
rolled-in_scale,4,rolled-in_scale_rolled-in_scale_82_1.jpg
patches,2,patches_patches_141_3.jpg
crazing,0,crazing_crazing_13_3.jpg
rolled-in_scale,4,rolled-in_scale_rolled-in_scale_28_2.jpg
inclusion,1,inclusion_inclusion_109_3.jpg
pitted_surface,3,pitted_surface_pitted_surface_173_4.jpg
crazing,0,crazing_crazing_132_3.jpg
scratches,5,scratches_scratches_79_1.jpg
rolled-in_scale,4,rolled-in_scale_rolled-in_scale_94_3.jpg
patches,2,patches_patches_263_4.jpg
scratches,5,scratches_scratches_113_2.jpg
pitted_surface,3,pitted_surface_pitted_surface_48_4.jpg
crazing,0,crazing_crazing_165_2.jpg
inclusion,1,inclusion_inclusion_21_2.jpg
pitted_surface,3,pitted_surface_pitted_surface_133_3.jpg
inclusion,1,inclusion_inclusion_252_3.jpg
crazing,0,crazing_crazing_163_3.jpg
patches,2,patches_patches_99_2.jpg
patches,2,patches_patches_168_0.jpg
rolled-in_scale,4,rolled-in_scale_rolled-in_scale_79_3.jpg
patches,2,patches_patches_11_2.jpg
inclusion,1,inclusion_inclusion_269_1.jpg
rolled-in_scale,4,rolled-in_scale_rolled-in_scale_211_4.jpg
scratches,5,scratches_scratches_135_1.jpg
scratches,5,scratches_scratches_156_0.jpg
scratches,5,scratches_scratches_182_2.jpg
crazing,0,crazing_crazing_87_0.jpg
crazing,0,crazing_crazing_248_1.jpg
pitted_surface,3,pitted_surface_pitted_surface_65_3.jpg
crazing,0,crazing_crazing_51_4.jpg
crazing,0,crazing_crazing_98_0.jpg
rolled-in_scale,4,rolled-in_scale_rolled-in_scale_147_2.jpg
pitted_surface,3,pitted_surface_pitted_surface_237_4.jpg
patches,2,patches_patches_63_2.jpg
pitted_surface,3,pitted_surface_pitted_surface_273_0.jpg
crazing,0,crazing_crazing_15_0.jpg
patches,2,patches_patches_39_4.jpg
crazing,0,crazing_crazing_242_3.jpg
rolled-in_scale,4,rolled-in_scale_rolled-in_scale_254_0.jpg
crazing,0,crazing_crazing_108_4.jpg
scratches,5,scratches_scratches_95_1.jpg
pitted_surface,3,pitted_surface_pitted_surface_38_1.jpg
rolled-in_scale,4,rolled-in_scale_rolled-in_scale_247_1.jpg
rolled-in_scale,4,rolled-in_scale_rolled-in_scale_273_0.jpg
rolled-in_scale,4,rolled-in_scale_rolled-in_scale_288_4.jpg
crazing,0,crazing_crazing_7_0.jpg
pitted_surface,3,pitted_surface_pitted_surface_172_3.jpg
patches,2,patches_patches_180_0.jpg
rolled-in_scale,4,rolled-in_scale_rolled-in_scale_64_4.jpg
patches,2,patches_patches_76_4.jpg
scratches,5,scratches_scratches_275_1.jpg
patches,2,patches_patches_67_3.jpg
scratches,5,scratches_scratches_104_3.jpg
rolled-in_scale,4,rolled-in_scale_rolled-in_scale_187_2.jpg
patches,2,patches_patches_214_3.jpg
patches,2,patches_patches_105_3.jpg
patches,2,patches_patches_282_1.jpg
inclusion,1,inclusion_inclusion_121_1.jpg
crazing,0,crazing_crazing_262_1.jpg
scratches,5,scratches_scratches_226_1.jpg
inclusion,1,inclusion_inclusion_19_1.jpg
scratches,5,scratches_scratches_83_3.jpg
scratches,5,scratches_scratches_172_0.jpg
crazing,0,crazing_crazing_265_3.jpg
patches,2,patches_patches_154_3.jpg
inclusion,1,inclusion_inclusion_220_0.jpg
patches,2,patches_patches_273_3.jpg
patches,2,patches_patches_46_4.jpg
rolled-in_scale,4,rolled-in_scale_rolled-in_scale_48_4.jpg
pitted_surface,3,pitted_surface_pitted_surface_81_4.jpg
inclusion,1,inclusion_inclusion_295_1.jpg
patches,2,patches_patches_71_4.jpg
scratches,5,scratches_scratches_269_0.jpg
rolled-in_scale,4,rolled-in_scale_rolled-in_scale_142_3.jpg
crazing,0,crazing_crazing_6_3.jpg
pitted_surface,3,pitted_surface_pitted_surface_192_1.jpg
scratches,5,scratches_scratches_29_2.jpg
patches,2,patches_patches_130_1.jpg
pitted_surface,3,pitted_surface_pitted_surface_28_3.jpg
crazing,0,crazing_crazing_94_3.jpg
pitted_surface,3,pitted_surface_pitted_surface_183_0.jpg
crazing,0,crazing_crazing_201_3.jpg
crazing,0,crazing_crazing_107_0.jpg
inclusion,1,inclusion_inclusion_198_2.jpg
patches,2,patches_patches_43_4.jpg
patches,2,patches_patches_274_4.jpg
crazing,0,crazing_crazing_4_2.jpg
scratches,5,scratches_scratches_297_0.jpg
patches,2,patches_patches_58_4.jpg
scratches,5,scratches_scratches_263_2.jpg
crazing,0,crazing_crazing_159_4.jpg
crazing,0,crazing_crazing_18_3.jpg
rolled-in_scale,4,rolled-in_scale_rolled-in_scale_175_1.jpg
patches,2,patches_patches_141_4.jpg
rolled-in_scale,4,rolled-in_scale_rolled-in_scale_144_4.jpg
rolled-in_scale,4,rolled-in_scale_rolled-in_scale_285_4.jpg
inclusion,1,inclusion_inclusion_64_4.jpg
crazing,0,crazing_crazing_255_0.jpg
crazing,0,crazing_crazing_275_4.jpg
patches,2,patches_patches_78_0.jpg
inclusion,1,inclusion_inclusion_104_0.jpg
crazing,0,crazing_crazing_148_3.jpg
pitted_surface,3,pitted_surface_pitted_surface_199_2.jpg
crazing,0,crazing_crazing_129_4.jpg
scratches,5,scratches_scratches_98_4.jpg
crazing,0,crazing_crazing_248_4.jpg
inclusion,1,inclusion_inclusion_65_0.jpg
crazing,0,crazing_crazing_195_1.jpg
inclusion,1,inclusion_inclusion_93_2.jpg
inclusion,1,inclusion_inclusion_196_4.jpg
patches,2,patches_patches_4_3.jpg
patches,2,patches_patches_16_0.jpg
rolled-in_scale,4,rolled-in_scale_rolled-in_scale_282_0.jpg
crazing,0,crazing_crazing_101_0.jpg
patches,2,patches_patches_169_0.jpg
pitted_surface,3,pitted_surface_pitted_surface_125_0.jpg
rolled-in_scale,4,rolled-in_scale_rolled-in_scale_226_1.jpg
rolled-in_scale,4,rolled-in_scale_rolled-in_scale_75_0.jpg
pitted_surface,3,pitted_surface_pitted_surface_170_1.jpg
crazing,0,crazing_crazing_119_4.jpg
patches,2,patches_patches_275_0.jpg
pitted_surface,3,pitted_surface_pitted_surface_11_2.jpg
rolled-in_scale,4,rolled-in_scale_rolled-in_scale_193_1.jpg
inclusion,1,inclusion_inclusion_207_3.jpg
rolled-in_scale,4,rolled-in_scale_rolled-in_scale_146_1.jpg
inclusion,1,inclusion_inclusion_243_2.jpg
rolled-in_scale,4,rolled-in_scale_rolled-in_scale_127_3.jpg
inclusion,1,inclusion_inclusion_99_2.jpg
rolled-in_scale,4,rolled-in_scale_rolled-in_scale_233_1.jpg
scratches,5,scratches_scratches_173_0.jpg
patches,2,patches_patches_144_0.jpg
inclusion,1,inclusion_inclusion_259_4.jpg
patches,2,patches_patches_66_1.jpg
inclusion,1,inclusion_inclusion_180_0.jpg
pitted_surface,3,pitted_surface_pitted_surface_144_0.jpg
crazing,0,crazing_crazing_194_0.jpg
patches,2,patches_patches_112_3.jpg
crazing,0,crazing_crazing_268_4.jpg
crazing,0,crazing_crazing_250_3.jpg
patches,2,patches_patches_280_0.jpg
scratches,5,scratches_scratches_217_1.jpg
scratches,5,scratches_scratches_92_0.jpg
crazing,0,crazing_crazing_11_2.jpg
inclusion,1,inclusion_inclusion_59_0.jpg
pitted_surface,3,pitted_surface_pitted_surface_154_1.jpg
rolled-in_scale,4,rolled-in_scale_rolled-in_scale_45_2.jpg
rolled-in_scale,4,rolled-in_scale_rolled-in_scale_96_4.jpg
pitted_surface,3,pitted_surface_pitted_surface_82_3.jpg
scratches,5,scratches_scratches_102_4.jpg
pitted_surface,3,pitted_surface_pitted_surface_107_3.jpg
rolled-in_scale,4,rolled-in_scale_rolled-in_scale_174_1.jpg
patches,2,patches_patches_128_0.jpg
crazing,0,crazing_crazing_79_4.jpg
rolled-in_scale,4,rolled-in_scale_rolled-in_scale_219_2.jpg
pitted_surface,3,pitted_surface_pitted_surface_284_3.jpg
inclusion,1,inclusion_inclusion_286_2.jpg
crazing,0,crazing_crazing_78_1.jpg
crazing,0,crazing_crazing_104_3.jpg
inclusion,1,inclusion_inclusion_77_0.jpg
scratches,5,scratches_scratches_150_4.jpg
pitted_surface,3,pitted_surface_pitted_surface_176_2.jpg
crazing,0,crazing_crazing_161_2.jpg
inclusion,1,inclusion_inclusion_293_4.jpg
inclusion,1,inclusion_inclusion_269_0.jpg
rolled-in_scale,4,rolled-in_scale_rolled-in_scale_157_2.jpg
patches,2,patches_patches_223_2.jpg
crazing,0,crazing_crazing_285_2.jpg
pitted_surface,3,pitted_surface_pitted_surface_245_3.jpg
scratches,5,scratches_scratches_267_4.jpg
pitted_surface,3,pitted_surface_pitted_surface_271_3.jpg
rolled-in_scale,4,rolled-in_scale_rolled-in_scale_30_0.jpg
scratches,5,scratches_scratches_167_3.jpg
rolled-in_scale,4,rolled-in_scale_rolled-in_scale_27_3.jpg
pitted_surface,3,pitted_surface_pitted_surface_202_3.jpg
rolled-in_scale,4,rolled-in_scale_rolled-in_scale_191_3.jpg
inclusion,1,inclusion_inclusion_9_0.jpg
inclusion,1,inclusion_inclusion_232_4.jpg
rolled-in_scale,4,rolled-in_scale_rolled-in_scale_134_4.jpg
patches,2,patches_patches_176_0.jpg
inclusion,1,inclusion_inclusion_202_3.jpg
patches,2,patches_patches_68_1.jpg
patches,2,patches_patches_52_3.jpg
crazing,0,crazing_crazing_88_3.jpg
pitted_surface,3,pitted_surface_pitted_surface_35_2.jpg
rolled-in_scale,4,rolled-in_scale_rolled-in_scale_188_4.jpg
pitted_surface,3,pitted_surface_pitted_surface_32_0.jpg
rolled-in_scale,4,rolled-in_scale_rolled-in_scale_282_1.jpg
inclusion,1,inclusion_inclusion_129_3.jpg
crazing,0,crazing_crazing_154_0.jpg
pitted_surface,3,pitted_surface_pitted_surface_248_3.jpg
scratches,5,scratches_scratches_208_2.jpg
patches,2,patches_patches_60_2.jpg
crazing,0,crazing_crazing_42_2.jpg
crazing,0,crazing_crazing_106_3.jpg
inclusion,1,inclusion_inclusion_253_3.jpg
inclusion,1,inclusion_inclusion_5_4.jpg
rolled-in_scale,4,rolled-in_scale_rolled-in_scale_72_1.jpg
rolled-in_scale,4,rolled-in_scale_rolled-in_scale_136_2.jpg
rolled-in_scale,4,rolled-in_scale_rolled-in_scale_248_4.jpg
rolled-in_scale,4,rolled-in_scale_rolled-in_scale_215_1.jpg
rolled-in_scale,4,rolled-in_scale_rolled-in_scale_298_0.jpg
crazing,0,crazing_crazing_247_4.jpg
patches,2,patches_patches_250_2.jpg
pitted_surface,3,pitted_surface_pitted_surface_3_1.jpg
pitted_surface,3,pitted_surface_pitted_surface_272_2.jpg
patches,2,patches_patches_278_0.jpg
rolled-in_scale,4,rolled-in_scale_rolled-in_scale_228_1.jpg
patches,2,patches_patches_154_0.jpg
rolled-in_scale,4,rolled-in_scale_rolled-in_scale_279_0.jpg
patches,2,patches_patches_11_1.jpg
rolled-in_scale,4,rolled-in_scale_rolled-in_scale_132_0.jpg
pitted_surface,3,pitted_surface_pitted_surface_73_0.jpg
scratches,5,scratches_scratches_298_3.jpg
inclusion,1,inclusion_inclusion_280_0.jpg
patches,2,patches_patches_114_2.jpg
inclusion,1,inclusion_inclusion_291_1.jpg
rolled-in_scale,4,rolled-in_scale_rolled-in_scale_154_1.jpg
pitted_surface,3,pitted_surface_pitted_surface_71_1.jpg
patches,2,patches_patches_108_4.jpg
patches,2,patches_patches_276_3.jpg
inclusion,1,inclusion_inclusion_152_2.jpg
inclusion,1,inclusion_inclusion_131_2.jpg
inclusion,1,inclusion_inclusion_72_0.jpg
scratches,5,scratches_scratches_295_0.jpg
rolled-in_scale,4,rolled-in_scale_rolled-in_scale_216_3.jpg
crazing,0,crazing_crazing_22_0.jpg
crazing,0,crazing_crazing_295_3.jpg
scratches,5,scratches_scratches_212_2.jpg
patches,2,patches_patches_270_3.jpg
inclusion,1,inclusion_inclusion_1_0.jpg
crazing,0,crazing_crazing_227_3.jpg
pitted_surface,3,pitted_surface_pitted_surface_242_2.jpg
inclusion,1,inclusion_inclusion_109_0.jpg
inclusion,1,inclusion_inclusion_82_0.jpg
inclusion,1,inclusion_inclusion_8_2.jpg
rolled-in_scale,4,rolled-in_scale_rolled-in_scale_107_0.jpg
crazing,0,crazing_crazing_38_4.jpg
rolled-in_scale,4,rolled-in_scale_rolled-in_scale_44_0.jpg
pitted_surface,3,pitted_surface_pitted_surface_259_3.jpg
rolled-in_scale,4,rolled-in_scale_rolled-in_scale_75_4.jpg
pitted_surface,3,pitted_surface_pitted_surface_121_2.jpg
patches,2,patches_patches_165_2.jpg
patches,2,patches_patches_189_4.jpg
scratches,5,scratches_scratches_5_4.jpg
pitted_surface,3,pitted_surface_pitted_surface_165_2.jpg
rolled-in_scale,4,rolled-in_scale_rolled-in_scale_287_0.jpg
scratches,5,scratches_scratches_239_2.jpg
pitted_surface,3,pitted_surface_pitted_surface_240_1.jpg
crazing,0,crazing_crazing_5_4.jpg
rolled-in_scale,4,rolled-in_scale_rolled-in_scale_70_3.jpg
crazing,0,crazing_crazing_169_4.jpg
crazing,0,crazing_crazing_226_0.jpg
patches,2,patches_patches_96_1.jpg
patches,2,patches_patches_73_4.jpg
inclusion,1,inclusion_inclusion_107_1.jpg
rolled-in_scale,4,rolled-in_scale_rolled-in_scale_187_4.jpg
pitted_surface,3,pitted_surface_pitted_surface_122_3.jpg
inclusion,1,inclusion_inclusion_199_4.jpg
pitted_surface,3,pitted_surface_pitted_surface_12_0.jpg
inclusion,1,inclusion_inclusion_197_2.jpg
rolled-in_scale,4,rolled-in_scale_rolled-in_scale_160_1.jpg
rolled-in_scale,4,rolled-in_scale_rolled-in_scale_204_3.jpg
scratches,5,scratches_scratches_68_2.jpg
scratches,5,scratches_scratches_151_2.jpg
inclusion,1,inclusion_inclusion_245_1.jpg
inclusion,1,inclusion_inclusion_226_4.jpg
rolled-in_scale,4,rolled-in_scale_rolled-in_scale_202_4.jpg
scratches,5,scratches_scratches_300_0.jpg
scratches,5,scratches_scratches_235_4.jpg
crazing,0,crazing_crazing_162_1.jpg
patches,2,patches_patches_101_2.jpg
scratches,5,scratches_scratches_234_0.jpg
crazing,0,crazing_crazing_52_4.jpg
crazing,0,crazing_crazing_26_3.jpg
inclusion,1,inclusion_inclusion_115_3.jpg
pitted_surface,3,pitted_surface_pitted_surface_296_1.jpg
crazing,0,crazing_crazing_133_4.jpg
scratches,5,scratches_scratches_220_4.jpg
rolled-in_scale,4,rolled-in_scale_rolled-in_scale_32_3.jpg
patches,2,patches_patches_193_0.jpg
rolled-in_scale,4,rolled-in_scale_rolled-in_scale_150_3.jpg
pitted_surface,3,pitted_surface_pitted_surface_12_1.jpg
rolled-in_scale,4,rolled-in_scale_rolled-in_scale_101_4.jpg
inclusion,1,inclusion_inclusion_98_4.jpg
crazing,0,crazing_crazing_239_3.jpg
inclusion,1,inclusion_inclusion_220_3.jpg
scratches,5,scratches_scratches_222_1.jpg
rolled-in_scale,4,rolled-in_scale_rolled-in_scale_288_1.jpg
inclusion,1,inclusion_inclusion_1_3.jpg
scratches,5,scratches_scratches_227_4.jpg
pitted_surface,3,pitted_surface_pitted_surface_37_4.jpg
scratches,5,scratches_scratches_179_2.jpg
scratches,5,scratches_scratches_95_3.jpg
patches,2,patches_patches_235_1.jpg
rolled-in_scale,4,rolled-in_scale_rolled-in_scale_203_3.jpg
pitted_surface,3,pitted_surface_pitted_surface_272_0.jpg
scratches,5,scratches_scratches_56_3.jpg
crazing,0,crazing_crazing_49_3.jpg
scratches,5,scratches_scratches_276_0.jpg
rolled-in_scale,4,rolled-in_scale_rolled-in_scale_10_3.jpg
rolled-in_scale,4,rolled-in_scale_rolled-in_scale_299_1.jpg
patches,2,patches_patches_103_2.jpg
crazing,0,crazing_crazing_287_1.jpg
scratches,5,scratches_scratches_194_0.jpg
patches,2,patches_patches_191_2.jpg
crazing,0,crazing_crazing_185_3.jpg
rolled-in_scale,4,rolled-in_scale_rolled-in_scale_172_3.jpg
inclusion,1,inclusion_inclusion_30_0.jpg
crazing,0,crazing_crazing_114_4.jpg
pitted_surface,3,pitted_surface_pitted_surface_104_1.jpg
rolled-in_scale,4,rolled-in_scale_rolled-in_scale_158_0.jpg
pitted_surface,3,pitted_surface_pitted_surface_194_0.jpg
scratches,5,scratches_scratches_63_4.jpg
inclusion,1,inclusion_inclusion_263_4.jpg
scratches,5,scratches_scratches_90_2.jpg
scratches,5,scratches_scratches_183_4.jpg
patches,2,patches_patches_38_1.jpg
inclusion,1,inclusion_inclusion_248_1.jpg
inclusion,1,inclusion_inclusion_185_1.jpg
pitted_surface,3,pitted_surface_pitted_surface_110_0.jpg
patches,2,patches_patches_251_0.jpg
crazing,0,crazing_crazing_213_2.jpg
scratches,5,scratches_scratches_152_0.jpg
inclusion,1,inclusion_inclusion_133_4.jpg
patches,2,patches_patches_36_3.jpg
inclusion,1,inclusion_inclusion_217_0.jpg
patches,2,patches_patches_243_0.jpg
scratches,5,scratches_scratches_170_2.jpg
scratches,5,scratches_scratches_260_0.jpg
patches,2,patches_patches_20_1.jpg
crazing,0,crazing_crazing_53_0.jpg
pitted_surface,3,pitted_surface_pitted_surface_125_2.jpg
pitted_surface,3,pitted_surface_pitted_surface_112_2.jpg
scratches,5,scratches_scratches_13_0.jpg
inclusion,1,inclusion_inclusion_155_4.jpg
rolled-in_scale,4,rolled-in_scale_rolled-in_scale_189_0.jpg
scratches,5,scratches_scratches_28_2.jpg
crazing,0,crazing_crazing_67_4.jpg
inclusion,1,inclusion_inclusion_197_0.jpg
inclusion,1,inclusion_inclusion_279_4.jpg
inclusion,1,inclusion_inclusion_89_2.jpg
pitted_surface,3,pitted_surface_pitted_surface_219_0.jpg
patches,2,patches_patches_206_4.jpg
crazing,0,crazing_crazing_107_4.jpg
scratches,5,scratches_scratches_64_4.jpg
crazing,0,crazing_crazing_223_2.jpg
pitted_surface,3,pitted_surface_pitted_surface_7_0.jpg
rolled-in_scale,4,rolled-in_scale_rolled-in_scale_273_3.jpg
rolled-in_scale,4,rolled-in_scale_rolled-in_scale_28_0.jpg
inclusion,1,inclusion_inclusion_74_4.jpg
crazing,0,crazing_crazing_229_2.jpg
patches,2,patches_patches_292_3.jpg
scratches,5,scratches_scratches_153_3.jpg
rolled-in_scale,4,rolled-in_scale_rolled-in_scale_290_1.jpg
rolled-in_scale,4,rolled-in_scale_rolled-in_scale_109_0.jpg
inclusion,1,inclusion_inclusion_125_4.jpg
pitted_surface,3,pitted_surface_pitted_surface_224_0.jpg
scratches,5,scratches_scratches_17_1.jpg
inclusion,1,inclusion_inclusion_186_2.jpg
crazing,0,crazing_crazing_292_4.jpg
inclusion,1,inclusion_inclusion_112_0.jpg
patches,2,patches_patches_288_3.jpg
pitted_surface,3,pitted_surface_pitted_surface_145_0.jpg
crazing,0,crazing_crazing_135_4.jpg
inclusion,1,inclusion_inclusion_134_4.jpg
patches,2,patches_patches_276_0.jpg
inclusion,1,inclusion_inclusion_131_4.jpg
patches,2,patches_patches_20_4.jpg
crazing,0,crazing_crazing_203_4.jpg
scratches,5,scratches_scratches_180_0.jpg
patches,2,patches_patches_166_0.jpg
rolled-in_scale,4,rolled-in_scale_rolled-in_scale_182_1.jpg
rolled-in_scale,4,rolled-in_scale_rolled-in_scale_53_1.jpg
pitted_surface,3,pitted_surface_pitted_surface_243_1.jpg
patches,2,patches_patches_256_4.jpg
scratches,5,scratches_scratches_242_1.jpg
pitted_surface,3,pitted_surface_pitted_surface_122_0.jpg
inclusion,1,inclusion_inclusion_14_2.jpg
inclusion,1,inclusion_inclusion_166_2.jpg
rolled-in_scale,4,rolled-in_scale_rolled-in_scale_113_3.jpg
inclusion,1,inclusion_inclusion_132_1.jpg
crazing,0,crazing_crazing_142_3.jpg
pitted_surface,3,pitted_surface_pitted_surface_188_0.jpg
scratches,5,scratches_scratches_153_4.jpg
inclusion,1,inclusion_inclusion_35_1.jpg
pitted_surface,3,pitted_surface_pitted_surface_139_0.jpg
patches,2,patches_patches_182_0.jpg
patches,2,patches_patches_48_0.jpg
scratches,5,scratches_scratches_101_1.jpg
scratches,5,scratches_scratches_189_0.jpg
pitted_surface,3,pitted_surface_pitted_surface_34_4.jpg
scratches,5,scratches_scratches_183_1.jpg
inclusion,1,inclusion_inclusion_3_4.jpg
inclusion,1,inclusion_inclusion_238_0.jpg
rolled-in_scale,4,rolled-in_scale_rolled-in_scale_165_2.jpg
rolled-in_scale,4,rolled-in_scale_rolled-in_scale_265_3.jpg
pitted_surface,3,pitted_surface_pitted_surface_29_1.jpg
crazing,0,crazing_crazing_89_4.jpg
patches,2,patches_patches_45_3.jpg
pitted_surface,3,pitted_surface_pitted_surface_17_0.jpg
pitted_surface,3,pitted_surface_pitted_surface_166_2.jpg
rolled-in_scale,4,rolled-in_scale_rolled-in_scale_139_1.jpg
scratches,5,scratches_scratches_285_4.jpg
pitted_surface,3,pitted_surface_pitted_surface_149_4.jpg
pitted_surface,3,pitted_surface_pitted_surface_59_0.jpg
crazing,0,crazing_crazing_49_0.jpg
patches,2,patches_patches_43_0.jpg
pitted_surface,3,pitted_surface_pitted_surface_146_0.jpg
patches,2,patches_patches_110_1.jpg
inclusion,1,inclusion_inclusion_109_1.jpg
scratches,5,scratches_scratches_125_1.jpg
rolled-in_scale,4,rolled-in_scale_rolled-in_scale_106_3.jpg
rolled-in_scale,4,rolled-in_scale_rolled-in_scale_35_0.jpg
inclusion,1,inclusion_inclusion_66_3.jpg
patches,2,patches_patches_227_1.jpg
crazing,0,crazing_crazing_179_2.jpg
rolled-in_scale,4,rolled-in_scale_rolled-in_scale_228_4.jpg
inclusion,1,inclusion_inclusion_267_2.jpg
crazing,0,crazing_crazing_114_3.jpg
patches,2,patches_patches_98_4.jpg
patches,2,patches_patches_62_1.jpg
pitted_surface,3,pitted_surface_pitted_surface_21_3.jpg
crazing,0,crazing_crazing_278_3.jpg
scratches,5,scratches_scratches_91_4.jpg
pitted_surface,3,pitted_surface_pitted_surface_15_0.jpg
patches,2,patches_patches_45_0.jpg
scratches,5,scratches_scratches_91_2.jpg
crazing,0,crazing_crazing_105_3.jpg
pitted_surface,3,pitted_surface_pitted_surface_115_1.jpg
patches,2,patches_patches_146_0.jpg
rolled-in_scale,4,rolled-in_scale_rolled-in_scale_198_1.jpg
rolled-in_scale,4,rolled-in_scale_rolled-in_scale_178_3.jpg
scratches,5,scratches_scratches_19_3.jpg
scratches,5,scratches_scratches_165_4.jpg
crazing,0,crazing_crazing_143_4.jpg
scratches,5,scratches_scratches_126_1.jpg
pitted_surface,3,pitted_surface_pitted_surface_20_0.jpg
patches,2,patches_patches_247_1.jpg
patches,2,patches_patches_109_2.jpg
scratches,5,scratches_scratches_115_0.jpg
crazing,0,crazing_crazing_212_0.jpg
crazing,0,crazing_crazing_197_2.jpg
rolled-in_scale,4,rolled-in_scale_rolled-in_scale_96_2.jpg
scratches,5,scratches_scratches_192_3.jpg
pitted_surface,3,pitted_surface_pitted_surface_94_2.jpg
pitted_surface,3,pitted_surface_pitted_surface_202_4.jpg
patches,2,patches_patches_208_2.jpg
patches,2,patches_patches_161_0.jpg
patches,2,patches_patches_56_1.jpg
scratches,5,scratches_scratches_238_0.jpg
rolled-in_scale,4,rolled-in_scale_rolled-in_scale_278_3.jpg
rolled-in_scale,4,rolled-in_scale_rolled-in_scale_213_0.jpg
scratches,5,scratches_scratches_206_3.jpg
patches,2,patches_patches_264_3.jpg
pitted_surface,3,pitted_surface_pitted_surface_24_3.jpg
inclusion,1,inclusion_inclusion_172_2.jpg
inclusion,1,inclusion_inclusion_252_1.jpg
inclusion,1,inclusion_inclusion_101_4.jpg
inclusion,1,inclusion_inclusion_106_0.jpg
patches,2,patches_patches_138_2.jpg
rolled-in_scale,4,rolled-in_scale_rolled-in_scale_20_4.jpg
scratches,5,scratches_scratches_174_2.jpg
patches,2,patches_patches_57_0.jpg
crazing,0,crazing_crazing_256_3.jpg
scratches,5,scratches_scratches_227_3.jpg
scratches,5,scratches_scratches_62_4.jpg
crazing,0,crazing_crazing_152_3.jpg
patches,2,patches_patches_139_3.jpg
pitted_surface,3,pitted_surface_pitted_surface_71_0.jpg
inclusion,1,inclusion_inclusion_140_1.jpg
rolled-in_scale,4,rolled-in_scale_rolled-in_scale_50_1.jpg
patches,2,patches_patches_51_4.jpg
pitted_surface,3,pitted_surface_pitted_surface_82_4.jpg
rolled-in_scale,4,rolled-in_scale_rolled-in_scale_99_4.jpg
inclusion,1,inclusion_inclusion_113_0.jpg
pitted_surface,3,pitted_surface_pitted_surface_174_4.jpg
pitted_surface,3,pitted_surface_pitted_surface_280_3.jpg
patches,2,patches_patches_143_3.jpg
scratches,5,scratches_scratches_136_1.jpg
pitted_surface,3,pitted_surface_pitted_surface_71_4.jpg
inclusion,1,inclusion_inclusion_145_1.jpg
inclusion,1,inclusion_inclusion_204_4.jpg
rolled-in_scale,4,rolled-in_scale_rolled-in_scale_86_2.jpg
scratches,5,scratches_scratches_206_4.jpg
patches,2,patches_patches_42_2.jpg
inclusion,1,inclusion_inclusion_182_4.jpg
crazing,0,crazing_crazing_10_1.jpg
scratches,5,scratches_scratches_290_4.jpg
pitted_surface,3,pitted_surface_pitted_surface_180_0.jpg
crazing,0,crazing_crazing_164_4.jpg
rolled-in_scale,4,rolled-in_scale_rolled-in_scale_237_0.jpg
inclusion,1,inclusion_inclusion_15_2.jpg
inclusion,1,inclusion_inclusion_35_3.jpg
scratches,5,scratches_scratches_20_2.jpg
rolled-in_scale,4,rolled-in_scale_rolled-in_scale_254_2.jpg
scratches,5,scratches_scratches_231_0.jpg
scratches,5,scratches_scratches_39_4.jpg
scratches,5,scratches_scratches_36_4.jpg
inclusion,1,inclusion_inclusion_189_2.jpg
pitted_surface,3,pitted_surface_pitted_surface_184_1.jpg
crazing,0,crazing_crazing_191_3.jpg
inclusion,1,inclusion_inclusion_16_1.jpg
patches,2,patches_patches_191_1.jpg
rolled-in_scale,4,rolled-in_scale_rolled-in_scale_145_1.jpg
scratches,5,scratches_scratches_230_2.jpg
crazing,0,crazing_crazing_294_4.jpg
scratches,5,scratches_scratches_7_1.jpg
inclusion,1,inclusion_inclusion_281_0.jpg
scratches,5,scratches_scratches_218_3.jpg
scratches,5,scratches_scratches_59_3.jpg
inclusion,1,inclusion_inclusion_200_3.jpg
inclusion,1,inclusion_inclusion_291_0.jpg
rolled-in_scale,4,rolled-in_scale_rolled-in_scale_66_4.jpg
crazing,0,crazing_crazing_63_4.jpg
crazing,0,crazing_crazing_252_0.jpg
pitted_surface,3,pitted_surface_pitted_surface_267_3.jpg
patches,2,patches_patches_18_3.jpg
crazing,0,crazing_crazing_296_2.jpg
scratches,5,scratches_scratches_216_4.jpg
crazing,0,crazing_crazing_193_2.jpg
pitted_surface,3,pitted_surface_pitted_surface_15_4.jpg
scratches,5,scratches_scratches_53_1.jpg
patches,2,patches_patches_242_2.jpg
inclusion,1,inclusion_inclusion_250_4.jpg
inclusion,1,inclusion_inclusion_207_1.jpg
pitted_surface,3,pitted_surface_pitted_surface_228_3.jpg
rolled-in_scale,4,rolled-in_scale_rolled-in_scale_203_0.jpg
rolled-in_scale,4,rolled-in_scale_rolled-in_scale_286_2.jpg
inclusion,1,inclusion_inclusion_152_4.jpg
inclusion,1,inclusion_inclusion_177_4.jpg
scratches,5,scratches_scratches_98_0.jpg
rolled-in_scale,4,rolled-in_scale_rolled-in_scale_160_0.jpg
inclusion,1,inclusion_inclusion_56_2.jpg
pitted_surface,3,pitted_surface_pitted_surface_96_4.jpg
rolled-in_scale,4,rolled-in_scale_rolled-in_scale_199_4.jpg
crazing,0,crazing_crazing_261_3.jpg
rolled-in_scale,4,rolled-in_scale_rolled-in_scale_265_4.jpg
crazing,0,crazing_crazing_200_2.jpg
scratches,5,scratches_scratches_233_2.jpg
crazing,0,crazing_crazing_94_4.jpg
crazing,0,crazing_crazing_31_0.jpg
scratches,5,scratches_scratches_242_4.jpg
rolled-in_scale,4,rolled-in_scale_rolled-in_scale_21_2.jpg
crazing,0,crazing_crazing_145_0.jpg
scratches,5,scratches_scratches_43_2.jpg
scratches,5,scratches_scratches_34_4.jpg
rolled-in_scale,4,rolled-in_scale_rolled-in_scale_47_1.jpg
crazing,0,crazing_crazing_235_4.jpg
crazing,0,crazing_crazing_244_2.jpg
inclusion,1,inclusion_inclusion_103_0.jpg
patches,2,patches_patches_264_2.jpg
inclusion,1,inclusion_inclusion_160_2.jpg
inclusion,1,inclusion_inclusion_149_1.jpg
patches,2,patches_patches_74_0.jpg
patches,2,patches_patches_204_4.jpg
inclusion,1,inclusion_inclusion_227_1.jpg
crazing,0,crazing_crazing_268_1.jpg
inclusion,1,inclusion_inclusion_2_4.jpg
patches,2,patches_patches_288_4.jpg
crazing,0,crazing_crazing_275_3.jpg
crazing,0,crazing_crazing_280_4.jpg
rolled-in_scale,4,rolled-in_scale_rolled-in_scale_168_1.jpg
pitted_surface,3,pitted_surface_pitted_surface_24_4.jpg
patches,2,patches_patches_273_0.jpg
inclusion,1,inclusion_inclusion_252_2.jpg
crazing,0,crazing_crazing_119_0.jpg
pitted_surface,3,pitted_surface_pitted_surface_123_1.jpg
inclusion,1,inclusion_inclusion_102_2.jpg
inclusion,1,inclusion_inclusion_156_3.jpg
rolled-in_scale,4,rolled-in_scale_rolled-in_scale_186_1.jpg
crazing,0,crazing_crazing_56_3.jpg
crazing,0,crazing_crazing_185_2.jpg
pitted_surface,3,pitted_surface_pitted_surface_246_3.jpg
rolled-in_scale,4,rolled-in_scale_rolled-in_scale_275_0.jpg
patches,2,patches_patches_188_1.jpg
crazing,0,crazing_crazing_4_0.jpg
rolled-in_scale,4,rolled-in_scale_rolled-in_scale_289_3.jpg
inclusion,1,inclusion_inclusion_229_2.jpg
scratches,5,scratches_scratches_215_2.jpg
crazing,0,crazing_crazing_230_1.jpg
patches,2,patches_patches_65_0.jpg
crazing,0,crazing_crazing_240_2.jpg
inclusion,1,inclusion_inclusion_238_4.jpg
scratches,5,scratches_scratches_227_2.jpg
inclusion,1,inclusion_inclusion_210_3.jpg
scratches,5,scratches_scratches_275_3.jpg
crazing,0,crazing_crazing_25_1.jpg
rolled-in_scale,4,rolled-in_scale_rolled-in_scale_78_0.jpg
patches,2,patches_patches_234_4.jpg
pitted_surface,3,pitted_surface_pitted_surface_195_0.jpg
scratches,5,scratches_scratches_133_4.jpg
inclusion,1,inclusion_inclusion_91_3.jpg
crazing,0,crazing_crazing_269_2.jpg
inclusion,1,inclusion_inclusion_126_3.jpg
inclusion,1,inclusion_inclusion_216_2.jpg
inclusion,1,inclusion_inclusion_190_1.jpg
rolled-in_scale,4,rolled-in_scale_rolled-in_scale_232_1.jpg
inclusion,1,inclusion_inclusion_226_1.jpg
scratches,5,scratches_scratches_273_0.jpg
pitted_surface,3,pitted_surface_pitted_surface_238_1.jpg
inclusion,1,inclusion_inclusion_10_0.jpg
pitted_surface,3,pitted_surface_pitted_surface_255_1.jpg
inclusion,1,inclusion_inclusion_159_0.jpg
inclusion,1,inclusion_inclusion_106_4.jpg
pitted_surface,3,pitted_surface_pitted_surface_241_2.jpg
scratches,5,scratches_scratches_29_4.jpg
patches,2,patches_patches_30_1.jpg
scratches,5,scratches_scratches_224_0.jpg
rolled-in_scale,4,rolled-in_scale_rolled-in_scale_46_3.jpg
patches,2,patches_patches_245_1.jpg
crazing,0,crazing_crazing_74_2.jpg
inclusion,1,inclusion_inclusion_140_4.jpg
rolled-in_scale,4,rolled-in_scale_rolled-in_scale_100_0.jpg
inclusion,1,inclusion_inclusion_210_1.jpg
inclusion,1,inclusion_inclusion_199_3.jpg
rolled-in_scale,4,rolled-in_scale_rolled-in_scale_89_1.jpg
crazing,0,crazing_crazing_79_2.jpg
crazing,0,crazing_crazing_124_1.jpg
patches,2,patches_patches_169_3.jpg
inclusion,1,inclusion_inclusion_137_2.jpg
scratches,5,scratches_scratches_106_4.jpg
scratches,5,scratches_scratches_273_3.jpg
scratches,5,scratches_scratches_172_1.jpg
scratches,5,scratches_scratches_59_2.jpg
scratches,5,scratches_scratches_70_1.jpg
scratches,5,scratches_scratches_272_3.jpg
inclusion,1,inclusion_inclusion_61_2.jpg
crazing,0,crazing_crazing_188_1.jpg
pitted_surface,3,pitted_surface_pitted_surface_89_4.jpg
patches,2,patches_patches_256_1.jpg
pitted_surface,3,pitted_surface_pitted_surface_265_1.jpg
patches,2,patches_patches_68_4.jpg
pitted_surface,3,pitted_surface_pitted_surface_262_1.jpg
pitted_surface,3,pitted_surface_pitted_surface_266_4.jpg
pitted_surface,3,pitted_surface_pitted_surface_239_2.jpg
patches,2,patches_patches_213_0.jpg
patches,2,patches_patches_181_1.jpg
inclusion,1,inclusion_inclusion_31_4.jpg
rolled-in_scale,4,rolled-in_scale_rolled-in_scale_245_4.jpg
inclusion,1,inclusion_inclusion_151_3.jpg
scratches,5,scratches_scratches_277_4.jpg
patches,2,patches_patches_55_0.jpg
inclusion,1,inclusion_inclusion_207_4.jpg
inclusion,1,inclusion_inclusion_296_0.jpg
pitted_surface,3,pitted_surface_pitted_surface_66_0.jpg
crazing,0,crazing_crazing_260_3.jpg
scratches,5,scratches_scratches_265_3.jpg
patches,2,patches_patches_286_3.jpg
rolled-in_scale,4,rolled-in_scale_rolled-in_scale_214_4.jpg
scratches,5,scratches_scratches_278_0.jpg
patches,2,patches_patches_140_0.jpg
scratches,5,scratches_scratches_150_2.jpg
patches,2,patches_patches_275_2.jpg
scratches,5,scratches_scratches_204_0.jpg
patches,2,patches_patches_61_2.jpg
rolled-in_scale,4,rolled-in_scale_rolled-in_scale_216_0.jpg
pitted_surface,3,pitted_surface_pitted_surface_54_0.jpg
scratches,5,scratches_scratches_148_4.jpg
inclusion,1,inclusion_inclusion_191_1.jpg
crazing,0,crazing_crazing_290_3.jpg
rolled-in_scale,4,rolled-in_scale_rolled-in_scale_66_1.jpg
patches,2,patches_patches_14_0.jpg
patches,2,patches_patches_64_1.jpg
rolled-in_scale,4,rolled-in_scale_rolled-in_scale_152_3.jpg
scratches,5,scratches_scratches_294_0.jpg
pitted_surface,3,pitted_surface_pitted_surface_148_4.jpg
inclusion,1,inclusion_inclusion_202_1.jpg
scratches,5,scratches_scratches_292_1.jpg
pitted_surface,3,pitted_surface_pitted_surface_40_1.jpg
pitted_surface,3,pitted_surface_pitted_surface_65_2.jpg
pitted_surface,3,pitted_surface_pitted_surface_155_0.jpg
scratches,5,scratches_scratches_132_4.jpg
scratches,5,scratches_scratches_74_4.jpg
rolled-in_scale,4,rolled-in_scale_rolled-in_scale_300_3.jpg
inclusion,1,inclusion_inclusion_108_2.jpg
scratches,5,scratches_scratches_212_3.jpg
patches,2,patches_patches_181_4.jpg
inclusion,1,inclusion_inclusion_291_2.jpg
crazing,0,crazing_crazing_65_0.jpg
scratches,5,scratches_scratches_240_3.jpg
patches,2,patches_patches_142_0.jpg
crazing,0,crazing_crazing_48_2.jpg
scratches,5,scratches_scratches_33_1.jpg
crazing,0,crazing_crazing_146_0.jpg
crazing,0,crazing_crazing_241_3.jpg
pitted_surface,3,pitted_surface_pitted_surface_257_3.jpg
inclusion,1,inclusion_inclusion_283_0.jpg
rolled-in_scale,4,rolled-in_scale_rolled-in_scale_99_3.jpg
pitted_surface,3,pitted_surface_pitted_surface_218_4.jpg
pitted_surface,3,pitted_surface_pitted_surface_105_1.jpg
patches,2,patches_patches_106_1.jpg
rolled-in_scale,4,rolled-in_scale_rolled-in_scale_103_0.jpg
pitted_surface,3,pitted_surface_pitted_surface_231_1.jpg
pitted_surface,3,pitted_surface_pitted_surface_134_4.jpg
inclusion,1,inclusion_inclusion_294_0.jpg
pitted_surface,3,pitted_surface_pitted_surface_238_4.jpg
scratches,5,scratches_scratches_214_4.jpg
inclusion,1,inclusion_inclusion_24_4.jpg
crazing,0,crazing_crazing_201_0.jpg
rolled-in_scale,4,rolled-in_scale_rolled-in_scale_104_2.jpg
rolled-in_scale,4,rolled-in_scale_rolled-in_scale_70_4.jpg
patches,2,patches_patches_24_2.jpg
inclusion,1,inclusion_inclusion_144_4.jpg
inclusion,1,inclusion_inclusion_73_3.jpg
crazing,0,crazing_crazing_35_1.jpg
crazing,0,crazing_crazing_245_3.jpg
crazing,0,crazing_crazing_298_3.jpg
patches,2,patches_patches_197_2.jpg
scratches,5,scratches_scratches_126_2.jpg
patches,2,patches_patches_6_1.jpg
inclusion,1,inclusion_inclusion_77_1.jpg
scratches,5,scratches_scratches_69_2.jpg
inclusion,1,inclusion_inclusion_63_4.jpg
crazing,0,crazing_crazing_12_3.jpg
crazing,0,crazing_crazing_21_1.jpg
pitted_surface,3,pitted_surface_pitted_surface_194_3.jpg
scratches,5,scratches_scratches_151_3.jpg
patches,2,patches_patches_93_2.jpg
pitted_surface,3,pitted_surface_pitted_surface_238_2.jpg
rolled-in_scale,4,rolled-in_scale_rolled-in_scale_293_3.jpg
patches,2,patches_patches_87_0.jpg
rolled-in_scale,4,rolled-in_scale_rolled-in_scale_3_2.jpg
scratches,5,scratches_scratches_40_1.jpg
crazing,0,crazing_crazing_177_0.jpg
pitted_surface,3,pitted_surface_pitted_surface_85_1.jpg
crazing,0,crazing_crazing_57_4.jpg
rolled-in_scale,4,rolled-in_scale_rolled-in_scale_12_3.jpg
crazing,0,crazing_crazing_29_0.jpg
rolled-in_scale,4,rolled-in_scale_rolled-in_scale_267_1.jpg
patches,2,patches_patches_164_0.jpg
patches,2,patches_patches_279_1.jpg
scratches,5,scratches_scratches_116_3.jpg
patches,2,patches_patches_187_1.jpg
pitted_surface,3,pitted_surface_pitted_surface_120_2.jpg
rolled-in_scale,4,rolled-in_scale_rolled-in_scale_243_2.jpg
inclusion,1,inclusion_inclusion_81_4.jpg
patches,2,patches_patches_82_0.jpg
patches,2,patches_patches_41_0.jpg
scratches,5,scratches_scratches_235_3.jpg
pitted_surface,3,pitted_surface_pitted_surface_3_3.jpg
rolled-in_scale,4,rolled-in_scale_rolled-in_scale_276_0.jpg
scratches,5,scratches_scratches_75_2.jpg
inclusion,1,inclusion_inclusion_214_4.jpg
rolled-in_scale,4,rolled-in_scale_rolled-in_scale_18_4.jpg
crazing,0,crazing_crazing_109_0.jpg
scratches,5,scratches_scratches_93_1.jpg
crazing,0,crazing_crazing_154_3.jpg
scratches,5,scratches_scratches_242_0.jpg
rolled-in_scale,4,rolled-in_scale_rolled-in_scale_284_3.jpg
crazing,0,crazing_crazing_131_1.jpg
crazing,0,crazing_crazing_262_2.jpg
inclusion,1,inclusion_inclusion_60_1.jpg
pitted_surface,3,pitted_surface_pitted_surface_31_1.jpg
patches,2,patches_patches_124_3.jpg
inclusion,1,inclusion_inclusion_84_4.jpg
crazing,0,crazing_crazing_264_2.jpg
crazing,0,crazing_crazing_270_2.jpg
inclusion,1,inclusion_inclusion_209_1.jpg
inclusion,1,inclusion_inclusion_135_4.jpg
scratches,5,scratches_scratches_176_2.jpg
patches,2,patches_patches_7_4.jpg
crazing,0,crazing_crazing_115_2.jpg
crazing,0,crazing_crazing_277_4.jpg
inclusion,1,inclusion_inclusion_45_0.jpg
rolled-in_scale,4,rolled-in_scale_rolled-in_scale_141_2.jpg
inclusion,1,inclusion_inclusion_258_2.jpg
inclusion,1,inclusion_inclusion_64_1.jpg
crazing,0,crazing_crazing_221_0.jpg
patches,2,patches_patches_64_3.jpg
rolled-in_scale,4,rolled-in_scale_rolled-in_scale_14_0.jpg
rolled-in_scale,4,rolled-in_scale_rolled-in_scale_272_1.jpg
patches,2,patches_patches_115_4.jpg
rolled-in_scale,4,rolled-in_scale_rolled-in_scale_140_4.jpg
pitted_surface,3,pitted_surface_pitted_surface_102_3.jpg
inclusion,1,inclusion_inclusion_240_2.jpg
pitted_surface,3,pitted_surface_pitted_surface_154_0.jpg
pitted_surface,3,pitted_surface_pitted_surface_54_4.jpg
patches,2,patches_patches_29_4.jpg
crazing,0,crazing_crazing_152_4.jpg
scratches,5,scratches_scratches_105_4.jpg
rolled-in_scale,4,rolled-in_scale_rolled-in_scale_110_3.jpg
crazing,0,crazing_crazing_86_4.jpg
pitted_surface,3,pitted_surface_pitted_surface_67_4.jpg
scratches,5,scratches_scratches_147_1.jpg
patches,2,patches_patches_52_4.jpg
crazing,0,crazing_crazing_125_2.jpg
inclusion,1,inclusion_inclusion_131_0.jpg
inclusion,1,inclusion_inclusion_255_2.jpg
rolled-in_scale,4,rolled-in_scale_rolled-in_scale_90_0.jpg
patches,2,patches_patches_298_2.jpg
patches,2,patches_patches_112_2.jpg
rolled-in_scale,4,rolled-in_scale_rolled-in_scale_299_3.jpg
crazing,0,crazing_crazing_26_0.jpg
rolled-in_scale,4,rolled-in_scale_rolled-in_scale_79_1.jpg
crazing,0,crazing_crazing_263_0.jpg
scratches,5,scratches_scratches_115_4.jpg
crazing,0,crazing_crazing_64_2.jpg
inclusion,1,inclusion_inclusion_231_0.jpg
patches,2,patches_patches_70_3.jpg
inclusion,1,inclusion_inclusion_191_3.jpg
crazing,0,crazing_crazing_93_3.jpg
patches,2,patches_patches_162_3.jpg
scratches,5,scratches_scratches_111_1.jpg
rolled-in_scale,4,rolled-in_scale_rolled-in_scale_165_0.jpg
crazing,0,crazing_crazing_216_0.jpg
inclusion,1,inclusion_inclusion_299_3.jpg
rolled-in_scale,4,rolled-in_scale_rolled-in_scale_248_3.jpg
crazing,0,crazing_crazing_172_0.jpg
crazing,0,crazing_crazing_251_1.jpg
scratches,5,scratches_scratches_152_2.jpg
pitted_surface,3,pitted_surface_pitted_surface_159_1.jpg
pitted_surface,3,pitted_surface_pitted_surface_151_1.jpg
rolled-in_scale,4,rolled-in_scale_rolled-in_scale_229_0.jpg
crazing,0,crazing_crazing_103_3.jpg
patches,2,patches_patches_108_0.jpg
scratches,5,scratches_scratches_117_3.jpg
rolled-in_scale,4,rolled-in_scale_rolled-in_scale_250_1.jpg
pitted_surface,3,pitted_surface_pitted_surface_285_2.jpg
patches,2,patches_patches_228_1.jpg
inclusion,1,inclusion_inclusion_141_2.jpg
crazing,0,crazing_crazing_286_1.jpg
rolled-in_scale,4,rolled-in_scale_rolled-in_scale_44_1.jpg
patches,2,patches_patches_210_2.jpg
rolled-in_scale,4,rolled-in_scale_rolled-in_scale_279_2.jpg
scratches,5,scratches_scratches_120_1.jpg
crazing,0,crazing_crazing_98_2.jpg
inclusion,1,inclusion_inclusion_200_2.jpg
rolled-in_scale,4,rolled-in_scale_rolled-in_scale_202_2.jpg
rolled-in_scale,4,rolled-in_scale_rolled-in_scale_153_2.jpg
inclusion,1,inclusion_inclusion_146_2.jpg
crazing,0,crazing_crazing_173_0.jpg
rolled-in_scale,4,rolled-in_scale_rolled-in_scale_174_0.jpg
inclusion,1,inclusion_inclusion_247_0.jpg
pitted_surface,3,pitted_surface_pitted_surface_286_0.jpg
pitted_surface,3,pitted_surface_pitted_surface_121_4.jpg
scratches,5,scratches_scratches_131_2.jpg
rolled-in_scale,4,rolled-in_scale_rolled-in_scale_43_0.jpg
crazing,0,crazing_crazing_246_3.jpg
scratches,5,scratches_scratches_182_4.jpg
inclusion,1,inclusion_inclusion_116_2.jpg
rolled-in_scale,4,rolled-in_scale_rolled-in_scale_238_4.jpg
scratches,5,scratches_scratches_111_0.jpg
scratches,5,scratches_scratches_86_0.jpg
inclusion,1,inclusion_inclusion_17_3.jpg
scratches,5,scratches_scratches_71_1.jpg
scratches,5,scratches_scratches_194_3.jpg
patches,2,patches_patches_245_3.jpg
patches,2,patches_patches_190_4.jpg
crazing,0,crazing_crazing_219_1.jpg
inclusion,1,inclusion_inclusion_19_4.jpg
scratches,5,scratches_scratches_229_1.jpg
pitted_surface,3,pitted_surface_pitted_surface_234_4.jpg
pitted_surface,3,pitted_surface_pitted_surface_136_4.jpg
inclusion,1,inclusion_inclusion_157_2.jpg
rolled-in_scale,4,rolled-in_scale_rolled-in_scale_158_3.jpg
scratches,5,scratches_scratches_213_3.jpg
patches,2,patches_patches_229_1.jpg
patches,2,patches_patches_162_4.jpg
inclusion,1,inclusion_inclusion_279_1.jpg
patches,2,patches_patches_250_4.jpg
inclusion,1,inclusion_inclusion_37_2.jpg
rolled-in_scale,4,rolled-in_scale_rolled-in_scale_115_1.jpg
scratches,5,scratches_scratches_74_0.jpg
inclusion,1,inclusion_inclusion_206_0.jpg
crazing,0,crazing_crazing_118_3.jpg
rolled-in_scale,4,rolled-in_scale_rolled-in_scale_158_2.jpg
patches,2,patches_patches_230_4.jpg
pitted_surface,3,pitted_surface_pitted_surface_147_0.jpg
pitted_surface,3,pitted_surface_pitted_surface_203_0.jpg
scratches,5,scratches_scratches_254_3.jpg
inclusion,1,inclusion_inclusion_13_4.jpg
scratches,5,scratches_scratches_63_1.jpg
crazing,0,crazing_crazing_206_0.jpg
scratches,5,scratches_scratches_233_4.jpg
patches,2,patches_patches_247_4.jpg
scratches,5,scratches_scratches_285_1.jpg
patches,2,patches_patches_61_3.jpg
inclusion,1,inclusion_inclusion_163_3.jpg
pitted_surface,3,pitted_surface_pitted_surface_127_1.jpg
patches,2,patches_patches_124_4.jpg
pitted_surface,3,pitted_surface_pitted_surface_225_0.jpg
crazing,0,crazing_crazing_235_1.jpg
crazing,0,crazing_crazing_277_0.jpg
pitted_surface,3,pitted_surface_pitted_surface_147_3.jpg
patches,2,patches_patches_84_2.jpg
pitted_surface,3,pitted_surface_pitted_surface_199_4.jpg
rolled-in_scale,4,rolled-in_scale_rolled-in_scale_70_0.jpg
inclusion,1,inclusion_inclusion_218_4.jpg
rolled-in_scale,4,rolled-in_scale_rolled-in_scale_11_2.jpg
crazing,0,crazing_crazing_27_0.jpg
rolled-in_scale,4,rolled-in_scale_rolled-in_scale_175_0.jpg
crazing,0,crazing_crazing_289_3.jpg
patches,2,patches_patches_13_0.jpg
scratches,5,scratches_scratches_239_4.jpg
scratches,5,scratches_scratches_288_2.jpg
rolled-in_scale,4,rolled-in_scale_rolled-in_scale_64_1.jpg
rolled-in_scale,4,rolled-in_scale_rolled-in_scale_153_3.jpg
inclusion,1,inclusion_inclusion_231_4.jpg
scratches,5,scratches_scratches_83_0.jpg
inclusion,1,inclusion_inclusion_103_4.jpg
scratches,5,scratches_scratches_40_3.jpg
patches,2,patches_patches_213_1.jpg
inclusion,1,inclusion_inclusion_34_1.jpg
scratches,5,scratches_scratches_123_1.jpg
pitted_surface,3,pitted_surface_pitted_surface_163_0.jpg
inclusion,1,inclusion_inclusion_189_3.jpg
inclusion,1,inclusion_inclusion_201_2.jpg
crazing,0,crazing_crazing_199_4.jpg
scratches,5,scratches_scratches_79_3.jpg
inclusion,1,inclusion_inclusion_70_4.jpg
crazing,0,crazing_crazing_42_0.jpg
pitted_surface,3,pitted_surface_pitted_surface_42_1.jpg
pitted_surface,3,pitted_surface_pitted_surface_99_2.jpg
crazing,0,crazing_crazing_121_3.jpg
scratches,5,scratches_scratches_201_0.jpg
rolled-in_scale,4,rolled-in_scale_rolled-in_scale_24_1.jpg
inclusion,1,inclusion_inclusion_139_1.jpg
scratches,5,scratches_scratches_95_2.jpg
inclusion,1,inclusion_inclusion_248_2.jpg
rolled-in_scale,4,rolled-in_scale_rolled-in_scale_280_3.jpg
crazing,0,crazing_crazing_202_1.jpg
pitted_surface,3,pitted_surface_pitted_surface_252_3.jpg
rolled-in_scale,4,rolled-in_scale_rolled-in_scale_144_1.jpg
scratches,5,scratches_scratches_19_2.jpg
patches,2,patches_patches_265_2.jpg
crazing,0,crazing_crazing_288_2.jpg
inclusion,1,inclusion_inclusion_67_3.jpg
crazing,0,crazing_crazing_272_2.jpg
pitted_surface,3,pitted_surface_pitted_surface_211_4.jpg
pitted_surface,3,pitted_surface_pitted_surface_153_1.jpg
pitted_surface,3,pitted_surface_pitted_surface_170_3.jpg
pitted_surface,3,pitted_surface_pitted_surface_236_3.jpg
inclusion,1,inclusion_inclusion_156_4.jpg
pitted_surface,3,pitted_surface_pitted_surface_158_0.jpg
inclusion,1,inclusion_inclusion_197_3.jpg
patches,2,patches_patches_83_0.jpg
inclusion,1,inclusion_inclusion_157_1.jpg
inclusion,1,inclusion_inclusion_175_2.jpg
patches,2,patches_patches_79_1.jpg
inclusion,1,inclusion_inclusion_262_4.jpg
scratches,5,scratches_scratches_56_4.jpg
pitted_surface,3,pitted_surface_pitted_surface_101_4.jpg
crazing,0,crazing_crazing_112_3.jpg
scratches,5,scratches_scratches_276_2.jpg
inclusion,1,inclusion_inclusion_216_3.jpg
patches,2,patches_patches_104_3.jpg
pitted_surface,3,pitted_surface_pitted_surface_22_2.jpg
patches,2,patches_patches_58_2.jpg
inclusion,1,inclusion_inclusion_283_3.jpg
scratches,5,scratches_scratches_202_2.jpg
pitted_surface,3,pitted_surface_pitted_surface_243_0.jpg
inclusion,1,inclusion_inclusion_30_2.jpg
rolled-in_scale,4,rolled-in_scale_rolled-in_scale_50_4.jpg
scratches,5,scratches_scratches_243_3.jpg
crazing,0,crazing_crazing_210_2.jpg
patches,2,patches_patches_134_0.jpg
patches,2,patches_patches_129_1.jpg
crazing,0,crazing_crazing_300_0.jpg
scratches,5,scratches_scratches_270_4.jpg
inclusion,1,inclusion_inclusion_141_1.jpg
pitted_surface,3,pitted_surface_pitted_surface_175_2.jpg
inclusion,1,inclusion_inclusion_233_1.jpg
crazing,0,crazing_crazing_120_3.jpg
pitted_surface,3,pitted_surface_pitted_surface_185_2.jpg
patches,2,patches_patches_63_0.jpg
scratches,5,scratches_scratches_162_4.jpg
scratches,5,scratches_scratches_287_0.jpg
pitted_surface,3,pitted_surface_pitted_surface_242_4.jpg
pitted_surface,3,pitted_surface_pitted_surface_108_4.jpg
inclusion,1,inclusion_inclusion_179_3.jpg
inclusion,1,inclusion_inclusion_85_2.jpg
crazing,0,crazing_crazing_22_3.jpg
crazing,0,crazing_crazing_266_1.jpg
crazing,0,crazing_crazing_186_1.jpg
patches,2,patches_patches_157_2.jpg
pitted_surface,3,pitted_surface_pitted_surface_155_2.jpg
patches,2,patches_patches_216_0.jpg
rolled-in_scale,4,rolled-in_scale_rolled-in_scale_271_3.jpg
patches,2,patches_patches_83_2.jpg
patches,2,patches_patches_35_0.jpg
scratches,5,scratches_scratches_113_3.jpg
rolled-in_scale,4,rolled-in_scale_rolled-in_scale_37_4.jpg
rolled-in_scale,4,rolled-in_scale_rolled-in_scale_213_4.jpg
inclusion,1,inclusion_inclusion_294_1.jpg
rolled-in_scale,4,rolled-in_scale_rolled-in_scale_178_4.jpg
patches,2,patches_patches_90_3.jpg
rolled-in_scale,4,rolled-in_scale_rolled-in_scale_281_2.jpg
pitted_surface,3,pitted_surface_pitted_surface_99_1.jpg
scratches,5,scratches_scratches_246_4.jpg
scratches,5,scratches_scratches_45_2.jpg
scratches,5,scratches_scratches_73_2.jpg
rolled-in_scale,4,rolled-in_scale_rolled-in_scale_70_1.jpg
scratches,5,scratches_scratches_66_4.jpg
crazing,0,crazing_crazing_140_4.jpg
patches,2,patches_patches_145_3.jpg
inclusion,1,inclusion_inclusion_63_2.jpg
patches,2,patches_patches_127_3.jpg
rolled-in_scale,4,rolled-in_scale_rolled-in_scale_38_1.jpg
rolled-in_scale,4,rolled-in_scale_rolled-in_scale_202_3.jpg
crazing,0,crazing_crazing_185_4.jpg
rolled-in_scale,4,rolled-in_scale_rolled-in_scale_265_1.jpg
pitted_surface,3,pitted_surface_pitted_surface_174_3.jpg
patches,2,patches_patches_16_4.jpg
inclusion,1,inclusion_inclusion_255_4.jpg
patches,2,patches_patches_234_0.jpg
inclusion,1,inclusion_inclusion_120_0.jpg
crazing,0,crazing_crazing_134_3.jpg
inclusion,1,inclusion_inclusion_123_3.jpg
crazing,0,crazing_crazing_261_4.jpg
crazing,0,crazing_crazing_246_1.jpg
rolled-in_scale,4,rolled-in_scale_rolled-in_scale_155_4.jpg
patches,2,patches_patches_259_4.jpg
patches,2,patches_patches_147_0.jpg
rolled-in_scale,4,rolled-in_scale_rolled-in_scale_87_2.jpg
rolled-in_scale,4,rolled-in_scale_rolled-in_scale_56_1.jpg
inclusion,1,inclusion_inclusion_100_1.jpg
patches,2,patches_patches_270_1.jpg
inclusion,1,inclusion_inclusion_261_0.jpg
pitted_surface,3,pitted_surface_pitted_surface_21_2.jpg
inclusion,1,inclusion_inclusion_188_0.jpg
crazing,0,crazing_crazing_15_2.jpg
rolled-in_scale,4,rolled-in_scale_rolled-in_scale_117_2.jpg
patches,2,patches_patches_52_1.jpg
rolled-in_scale,4,rolled-in_scale_rolled-in_scale_232_2.jpg
rolled-in_scale,4,rolled-in_scale_rolled-in_scale_49_1.jpg
scratches,5,scratches_scratches_269_2.jpg
crazing,0,crazing_crazing_18_4.jpg
scratches,5,scratches_scratches_153_2.jpg
scratches,5,scratches_scratches_286_1.jpg
pitted_surface,3,pitted_surface_pitted_surface_214_1.jpg
crazing,0,crazing_crazing_67_0.jpg
rolled-in_scale,4,rolled-in_scale_rolled-in_scale_172_0.jpg
scratches,5,scratches_scratches_160_2.jpg
crazing,0,crazing_crazing_183_0.jpg
scratches,5,scratches_scratches_18_2.jpg
pitted_surface,3,pitted_surface_pitted_surface_42_3.jpg
crazing,0,crazing_crazing_90_1.jpg
crazing,0,crazing_crazing_296_4.jpg
inclusion,1,inclusion_inclusion_169_3.jpg
scratches,5,scratches_scratches_181_1.jpg
patches,2,patches_patches_135_2.jpg
pitted_surface,3,pitted_surface_pitted_surface_285_0.jpg
patches,2,patches_patches_57_4.jpg
scratches,5,scratches_scratches_11_2.jpg
scratches,5,scratches_scratches_116_0.jpg
scratches,5,scratches_scratches_248_3.jpg
pitted_surface,3,pitted_surface_pitted_surface_14_2.jpg
inclusion,1,inclusion_inclusion_257_4.jpg
inclusion,1,inclusion_inclusion_175_0.jpg
pitted_surface,3,pitted_surface_pitted_surface_119_1.jpg
patches,2,patches_patches_246_2.jpg
inclusion,1,inclusion_inclusion_254_0.jpg
pitted_surface,3,pitted_surface_pitted_surface_196_2.jpg
inclusion,1,inclusion_inclusion_135_2.jpg
inclusion,1,inclusion_inclusion_93_4.jpg
patches,2,patches_patches_22_0.jpg
crazing,0,crazing_crazing_96_3.jpg
inclusion,1,inclusion_inclusion_205_3.jpg
crazing,0,crazing_crazing_166_3.jpg
inclusion,1,inclusion_inclusion_261_4.jpg
patches,2,patches_patches_223_0.jpg
inclusion,1,inclusion_inclusion_250_2.jpg
pitted_surface,3,pitted_surface_pitted_surface_55_0.jpg
crazing,0,crazing_crazing_95_3.jpg
inclusion,1,inclusion_inclusion_187_0.jpg
rolled-in_scale,4,rolled-in_scale_rolled-in_scale_283_3.jpg
crazing,0,crazing_crazing_37_2.jpg
rolled-in_scale,4,rolled-in_scale_rolled-in_scale_66_2.jpg
inclusion,1,inclusion_inclusion_208_3.jpg
inclusion,1,inclusion_inclusion_158_0.jpg
rolled-in_scale,4,rolled-in_scale_rolled-in_scale_59_2.jpg
pitted_surface,3,pitted_surface_pitted_surface_199_1.jpg
rolled-in_scale,4,rolled-in_scale_rolled-in_scale_120_3.jpg
patches,2,patches_patches_272_0.jpg
crazing,0,crazing_crazing_170_3.jpg
inclusion,1,inclusion_inclusion_128_2.jpg
scratches,5,scratches_scratches_224_3.jpg
rolled-in_scale,4,rolled-in_scale_rolled-in_scale_132_1.jpg
rolled-in_scale,4,rolled-in_scale_rolled-in_scale_199_2.jpg
pitted_surface,3,pitted_surface_pitted_surface_273_2.jpg
patches,2,patches_patches_257_1.jpg
pitted_surface,3,pitted_surface_pitted_surface_262_2.jpg
pitted_surface,3,pitted_surface_pitted_surface_61_4.jpg
pitted_surface,3,pitted_surface_pitted_surface_24_1.jpg
crazing,0,crazing_crazing_274_3.jpg
pitted_surface,3,pitted_surface_pitted_surface_51_0.jpg
scratches,5,scratches_scratches_17_0.jpg
patches,2,patches_patches_202_2.jpg
scratches,5,scratches_scratches_178_1.jpg
patches,2,patches_patches_9_2.jpg
scratches,5,scratches_scratches_100_2.jpg
scratches,5,scratches_scratches_146_0.jpg
pitted_surface,3,pitted_surface_pitted_surface_173_1.jpg
inclusion,1,inclusion_inclusion_262_2.jpg
pitted_surface,3,pitted_surface_pitted_surface_91_3.jpg
crazing,0,crazing_crazing_291_2.jpg
pitted_surface,3,pitted_surface_pitted_surface_55_4.jpg
inclusion,1,inclusion_inclusion_293_3.jpg
scratches,5,scratches_scratches_229_4.jpg
rolled-in_scale,4,rolled-in_scale_rolled-in_scale_37_2.jpg
pitted_surface,3,pitted_surface_pitted_surface_204_2.jpg
crazing,0,crazing_crazing_102_4.jpg
rolled-in_scale,4,rolled-in_scale_rolled-in_scale_272_4.jpg
inclusion,1,inclusion_inclusion_69_4.jpg
crazing,0,crazing_crazing_28_0.jpg
patches,2,patches_patches_111_3.jpg
scratches,5,scratches_scratches_240_4.jpg
patches,2,patches_patches_256_3.jpg
patches,2,patches_patches_108_3.jpg
patches,2,patches_patches_132_3.jpg
patches,2,patches_patches_239_2.jpg
pitted_surface,3,pitted_surface_pitted_surface_151_2.jpg
inclusion,1,inclusion_inclusion_107_4.jpg
rolled-in_scale,4,rolled-in_scale_rolled-in_scale_172_1.jpg
patches,2,patches_patches_171_0.jpg
scratches,5,scratches_scratches_267_3.jpg
pitted_surface,3,pitted_surface_pitted_surface_268_1.jpg
rolled-in_scale,4,rolled-in_scale_rolled-in_scale_162_4.jpg
pitted_surface,3,pitted_surface_pitted_surface_188_1.jpg
inclusion,1,inclusion_inclusion_168_4.jpg
rolled-in_scale,4,rolled-in_scale_rolled-in_scale_83_2.jpg
scratches,5,scratches_scratches_253_4.jpg
pitted_surface,3,pitted_surface_pitted_surface_33_2.jpg
patches,2,patches_patches_129_3.jpg
crazing,0,crazing_crazing_149_2.jpg
scratches,5,scratches_scratches_235_1.jpg
crazing,0,crazing_crazing_90_2.jpg
inclusion,1,inclusion_inclusion_8_4.jpg
patches,2,patches_patches_298_0.jpg
rolled-in_scale,4,rolled-in_scale_rolled-in_scale_231_1.jpg
pitted_surface,3,pitted_surface_pitted_surface_38_3.jpg
pitted_surface,3,pitted_surface_pitted_surface_25_1.jpg
patches,2,patches_patches_129_0.jpg
patches,2,patches_patches_25_3.jpg
patches,2,patches_patches_82_2.jpg
patches,2,patches_patches_69_0.jpg
pitted_surface,3,pitted_surface_pitted_surface_29_2.jpg
scratches,5,scratches_scratches_249_2.jpg
scratches,5,scratches_scratches_93_4.jpg
crazing,0,crazing_crazing_39_3.jpg
scratches,5,scratches_scratches_190_3.jpg
inclusion,1,inclusion_inclusion_173_4.jpg
pitted_surface,3,pitted_surface_pitted_surface_30_4.jpg
inclusion,1,inclusion_inclusion_62_1.jpg
rolled-in_scale,4,rolled-in_scale_rolled-in_scale_107_1.jpg
pitted_surface,3,pitted_surface_pitted_surface_126_3.jpg
patches,2,patches_patches_46_0.jpg
patches,2,patches_patches_231_4.jpg
pitted_surface,3,pitted_surface_pitted_surface_41_1.jpg
scratches,5,scratches_scratches_72_3.jpg
crazing,0,crazing_crazing_267_4.jpg
rolled-in_scale,4,rolled-in_scale_rolled-in_scale_181_1.jpg
scratches,5,scratches_scratches_62_3.jpg
rolled-in_scale,4,rolled-in_scale_rolled-in_scale_1_3.jpg
patches,2,patches_patches_185_2.jpg
scratches,5,scratches_scratches_270_0.jpg
pitted_surface,3,pitted_surface_pitted_surface_210_3.jpg
patches,2,patches_patches_233_4.jpg
scratches,5,scratches_scratches_177_2.jpg
pitted_surface,3,pitted_surface_pitted_surface_38_0.jpg
inclusion,1,inclusion_inclusion_56_0.jpg
patches,2,patches_patches_177_3.jpg
rolled-in_scale,4,rolled-in_scale_rolled-in_scale_152_4.jpg
patches,2,patches_patches_27_3.jpg
crazing,0,crazing_crazing_95_1.jpg
inclusion,1,inclusion_inclusion_43_4.jpg
inclusion,1,inclusion_inclusion_37_4.jpg
crazing,0,crazing_crazing_76_4.jpg
crazing,0,crazing_crazing_223_3.jpg
scratches,5,scratches_scratches_87_2.jpg
rolled-in_scale,4,rolled-in_scale_rolled-in_scale_173_3.jpg
patches,2,patches_patches_208_3.jpg
inclusion,1,inclusion_inclusion_91_1.jpg
crazing,0,crazing_crazing_119_1.jpg
crazing,0,crazing_crazing_269_4.jpg
crazing,0,crazing_crazing_200_1.jpg
patches,2,patches_patches_197_0.jpg
inclusion,1,inclusion_inclusion_253_1.jpg
pitted_surface,3,pitted_surface_pitted_surface_49_2.jpg
crazing,0,crazing_crazing_155_1.jpg
crazing,0,crazing_crazing_87_4.jpg
inclusion,1,inclusion_inclusion_289_3.jpg
scratches,5,scratches_scratches_189_1.jpg
rolled-in_scale,4,rolled-in_scale_rolled-in_scale_178_2.jpg
inclusion,1,inclusion_inclusion_237_3.jpg
inclusion,1,inclusion_inclusion_162_0.jpg
scratches,5,scratches_scratches_149_3.jpg
rolled-in_scale,4,rolled-in_scale_rolled-in_scale_242_0.jpg
inclusion,1,inclusion_inclusion_85_0.jpg
inclusion,1,inclusion_inclusion_86_3.jpg
inclusion,1,inclusion_inclusion_31_0.jpg
inclusion,1,inclusion_inclusion_91_0.jpg
scratches,5,scratches_scratches_3_2.jpg
patches,2,patches_patches_254_0.jpg
rolled-in_scale,4,rolled-in_scale_rolled-in_scale_105_3.jpg
crazing,0,crazing_crazing_12_0.jpg
crazing,0,crazing_crazing_283_3.jpg
crazing,0,crazing_crazing_224_2.jpg
patches,2,patches_patches_10_3.jpg
scratches,5,scratches_scratches_133_0.jpg
rolled-in_scale,4,rolled-in_scale_rolled-in_scale_85_3.jpg
pitted_surface,3,pitted_surface_pitted_surface_278_4.jpg
rolled-in_scale,4,rolled-in_scale_rolled-in_scale_143_4.jpg
inclusion,1,inclusion_inclusion_117_2.jpg
patches,2,patches_patches_298_1.jpg
inclusion,1,inclusion_inclusion_37_3.jpg
patches,2,patches_patches_98_3.jpg
pitted_surface,3,pitted_surface_pitted_surface_65_1.jpg
inclusion,1,inclusion_inclusion_187_2.jpg
pitted_surface,3,pitted_surface_pitted_surface_150_3.jpg
crazing,0,crazing_crazing_53_2.jpg
patches,2,patches_patches_265_4.jpg
scratches,5,scratches_scratches_248_1.jpg
pitted_surface,3,pitted_surface_pitted_surface_123_0.jpg
patches,2,patches_patches_293_0.jpg
crazing,0,crazing_crazing_164_2.jpg
rolled-in_scale,4,rolled-in_scale_rolled-in_scale_65_3.jpg
rolled-in_scale,4,rolled-in_scale_rolled-in_scale_292_0.jpg
rolled-in_scale,4,rolled-in_scale_rolled-in_scale_186_3.jpg
scratches,5,scratches_scratches_260_3.jpg
scratches,5,scratches_scratches_235_0.jpg
patches,2,patches_patches_249_1.jpg
pitted_surface,3,pitted_surface_pitted_surface_80_3.jpg
inclusion,1,inclusion_inclusion_50_4.jpg
rolled-in_scale,4,rolled-in_scale_rolled-in_scale_216_1.jpg
rolled-in_scale,4,rolled-in_scale_rolled-in_scale_276_2.jpg
scratches,5,scratches_scratches_284_4.jpg
inclusion,1,inclusion_inclusion_69_0.jpg
scratches,5,scratches_scratches_8_1.jpg
scratches,5,scratches_scratches_241_1.jpg
patches,2,patches_patches_42_1.jpg
crazing,0,crazing_crazing_194_3.jpg
patches,2,patches_patches_215_4.jpg
pitted_surface,3,pitted_surface_pitted_surface_157_4.jpg
scratches,5,scratches_scratches_105_1.jpg
rolled-in_scale,4,rolled-in_scale_rolled-in_scale_19_3.jpg
pitted_surface,3,pitted_surface_pitted_surface_132_4.jpg
scratches,5,scratches_scratches_126_0.jpg
crazing,0,crazing_crazing_273_2.jpg
rolled-in_scale,4,rolled-in_scale_rolled-in_scale_113_0.jpg
scratches,5,scratches_scratches_6_1.jpg
rolled-in_scale,4,rolled-in_scale_rolled-in_scale_112_4.jpg
pitted_surface,3,pitted_surface_pitted_surface_77_2.jpg
rolled-in_scale,4,rolled-in_scale_rolled-in_scale_219_0.jpg
patches,2,patches_patches_42_4.jpg
crazing,0,crazing_crazing_107_2.jpg
rolled-in_scale,4,rolled-in_scale_rolled-in_scale_130_4.jpg
scratches,5,scratches_scratches_164_0.jpg
pitted_surface,3,pitted_surface_pitted_surface_68_3.jpg
patches,2,patches_patches_269_4.jpg
patches,2,patches_patches_182_3.jpg
rolled-in_scale,4,rolled-in_scale_rolled-in_scale_72_0.jpg
rolled-in_scale,4,rolled-in_scale_rolled-in_scale_30_4.jpg
patches,2,patches_patches_40_0.jpg
patches,2,patches_patches_210_0.jpg
scratches,5,scratches_scratches_21_4.jpg
patches,2,patches_patches_165_0.jpg
scratches,5,scratches_scratches_261_1.jpg
rolled-in_scale,4,rolled-in_scale_rolled-in_scale_248_2.jpg
patches,2,patches_patches_65_2.jpg
scratches,5,scratches_scratches_157_1.jpg
crazing,0,crazing_crazing_61_2.jpg
rolled-in_scale,4,rolled-in_scale_rolled-in_scale_260_0.jpg
rolled-in_scale,4,rolled-in_scale_rolled-in_scale_161_4.jpg
rolled-in_scale,4,rolled-in_scale_rolled-in_scale_69_2.jpg
scratches,5,scratches_scratches_32_0.jpg
crazing,0,crazing_crazing_297_4.jpg
patches,2,patches_patches_241_0.jpg
patches,2,patches_patches_173_2.jpg
rolled-in_scale,4,rolled-in_scale_rolled-in_scale_115_0.jpg
scratches,5,scratches_scratches_241_2.jpg
scratches,5,scratches_scratches_76_2.jpg
pitted_surface,3,pitted_surface_pitted_surface_205_4.jpg
patches,2,patches_patches_237_2.jpg
scratches,5,scratches_scratches_62_1.jpg
patches,2,patches_patches_254_2.jpg
patches,2,patches_patches_40_2.jpg
crazing,0,crazing_crazing_84_3.jpg
patches,2,patches_patches_35_4.jpg
patches,2,patches_patches_252_4.jpg
inclusion,1,inclusion_inclusion_3_3.jpg
patches,2,patches_patches_141_0.jpg
inclusion,1,inclusion_inclusion_173_1.jpg
inclusion,1,inclusion_inclusion_44_3.jpg
crazing,0,crazing_crazing_47_2.jpg
inclusion,1,inclusion_inclusion_161_4.jpg
pitted_surface,3,pitted_surface_pitted_surface_39_4.jpg
scratches,5,scratches_scratches_226_3.jpg
rolled-in_scale,4,rolled-in_scale_rolled-in_scale_94_1.jpg
scratches,5,scratches_scratches_186_3.jpg
rolled-in_scale,4,rolled-in_scale_rolled-in_scale_167_1.jpg
inclusion,1,inclusion_inclusion_179_2.jpg
rolled-in_scale,4,rolled-in_scale_rolled-in_scale_89_0.jpg
patches,2,patches_patches_107_4.jpg
crazing,0,crazing_crazing_248_0.jpg
rolled-in_scale,4,rolled-in_scale_rolled-in_scale_118_1.jpg
scratches,5,scratches_scratches_203_1.jpg
scratches,5,scratches_scratches_294_3.jpg
inclusion,1,inclusion_inclusion_287_1.jpg
crazing,0,crazing_crazing_120_4.jpg
patches,2,patches_patches_190_1.jpg
rolled-in_scale,4,rolled-in_scale_rolled-in_scale_55_4.jpg
rolled-in_scale,4,rolled-in_scale_rolled-in_scale_50_3.jpg
pitted_surface,3,pitted_surface_pitted_surface_156_2.jpg
crazing,0,crazing_crazing_291_0.jpg
crazing,0,crazing_crazing_226_2.jpg
scratches,5,scratches_scratches_283_2.jpg
patches,2,patches_patches_103_1.jpg
patches,2,patches_patches_71_1.jpg
rolled-in_scale,4,rolled-in_scale_rolled-in_scale_172_2.jpg
rolled-in_scale,4,rolled-in_scale_rolled-in_scale_231_2.jpg
scratches,5,scratches_scratches_108_3.jpg
inclusion,1,inclusion_inclusion_78_3.jpg
patches,2,patches_patches_133_1.jpg
scratches,5,scratches_scratches_101_4.jpg
scratches,5,scratches_scratches_287_1.jpg
crazing,0,crazing_crazing_146_1.jpg
pitted_surface,3,pitted_surface_pitted_surface_262_4.jpg
patches,2,patches_patches_244_4.jpg
patches,2,patches_patches_119_1.jpg
pitted_surface,3,pitted_surface_pitted_surface_20_1.jpg
crazing,0,crazing_crazing_265_4.jpg
crazing,0,crazing_crazing_219_4.jpg
rolled-in_scale,4,rolled-in_scale_rolled-in_scale_60_1.jpg
patches,2,patches_patches_271_0.jpg
pitted_surface,3,pitted_surface_pitted_surface_294_0.jpg
rolled-in_scale,4,rolled-in_scale_rolled-in_scale_118_4.jpg
patches,2,patches_patches_16_2.jpg
inclusion,1,inclusion_inclusion_138_3.jpg
pitted_surface,3,pitted_surface_pitted_surface_58_1.jpg
pitted_surface,3,pitted_surface_pitted_surface_197_3.jpg
pitted_surface,3,pitted_surface_pitted_surface_1_1.jpg
rolled-in_scale,4,rolled-in_scale_rolled-in_scale_247_4.jpg
pitted_surface,3,pitted_surface_pitted_surface_254_4.jpg
patches,2,patches_patches_114_4.jpg
rolled-in_scale,4,rolled-in_scale_rolled-in_scale_44_2.jpg
patches,2,patches_patches_261_0.jpg
rolled-in_scale,4,rolled-in_scale_rolled-in_scale_262_3.jpg
pitted_surface,3,pitted_surface_pitted_surface_38_4.jpg
crazing,0,crazing_crazing_42_3.jpg
rolled-in_scale,4,rolled-in_scale_rolled-in_scale_133_1.jpg
rolled-in_scale,4,rolled-in_scale_rolled-in_scale_200_4.jpg
pitted_surface,3,pitted_surface_pitted_surface_31_4.jpg
inclusion,1,inclusion_inclusion_57_2.jpg
scratches,5,scratches_scratches_67_0.jpg
rolled-in_scale,4,rolled-in_scale_rolled-in_scale_213_3.jpg
crazing,0,crazing_crazing_112_0.jpg
patches,2,patches_patches_55_3.jpg
rolled-in_scale,4,rolled-in_scale_rolled-in_scale_207_0.jpg
patches,2,patches_patches_211_1.jpg
scratches,5,scratches_scratches_78_0.jpg
patches,2,patches_patches_87_3.jpg
scratches,5,scratches_scratches_125_0.jpg
patches,2,patches_patches_81_0.jpg
scratches,5,scratches_scratches_27_4.jpg
inclusion,1,inclusion_inclusion_71_0.jpg
pitted_surface,3,pitted_surface_pitted_surface_139_1.jpg
crazing,0,crazing_crazing_133_2.jpg
pitted_surface,3,pitted_surface_pitted_surface_221_0.jpg
pitted_surface,3,pitted_surface_pitted_surface_153_3.jpg
inclusion,1,inclusion_inclusion_39_1.jpg
inclusion,1,inclusion_inclusion_141_3.jpg
patches,2,patches_patches_150_4.jpg
inclusion,1,inclusion_inclusion_75_1.jpg
rolled-in_scale,4,rolled-in_scale_rolled-in_scale_110_2.jpg
scratches,5,scratches_scratches_83_4.jpg
rolled-in_scale,4,rolled-in_scale_rolled-in_scale_217_0.jpg
scratches,5,scratches_scratches_170_3.jpg
inclusion,1,inclusion_inclusion_70_0.jpg
inclusion,1,inclusion_inclusion_93_1.jpg
patches,2,patches_patches_276_4.jpg
scratches,5,scratches_scratches_27_3.jpg
inclusion,1,inclusion_inclusion_38_3.jpg
crazing,0,crazing_crazing_74_1.jpg
inclusion,1,inclusion_inclusion_33_4.jpg
rolled-in_scale,4,rolled-in_scale_rolled-in_scale_176_2.jpg
pitted_surface,3,pitted_surface_pitted_surface_107_1.jpg
rolled-in_scale,4,rolled-in_scale_rolled-in_scale_121_3.jpg
rolled-in_scale,4,rolled-in_scale_rolled-in_scale_233_0.jpg
crazing,0,crazing_crazing_1_3.jpg
inclusion,1,inclusion_inclusion_272_2.jpg
scratches,5,scratches_scratches_16_0.jpg
scratches,5,scratches_scratches_33_3.jpg
rolled-in_scale,4,rolled-in_scale_rolled-in_scale_40_4.jpg
crazing,0,crazing_crazing_240_3.jpg
pitted_surface,3,pitted_surface_pitted_surface_120_0.jpg
scratches,5,scratches_scratches_16_3.jpg
patches,2,patches_patches_52_2.jpg
rolled-in_scale,4,rolled-in_scale_rolled-in_scale_90_4.jpg
crazing,0,crazing_crazing_14_1.jpg
patches,2,patches_patches_163_1.jpg
inclusion,1,inclusion_inclusion_243_3.jpg
patches,2,patches_patches_25_2.jpg
crazing,0,crazing_crazing_123_2.jpg
patches,2,patches_patches_120_2.jpg
crazing,0,crazing_crazing_230_3.jpg
pitted_surface,3,pitted_surface_pitted_surface_48_1.jpg
scratches,5,scratches_scratches_216_3.jpg
crazing,0,crazing_crazing_197_4.jpg
inclusion,1,inclusion_inclusion_221_3.jpg
crazing,0,crazing_crazing_288_3.jpg
crazing,0,crazing_crazing_251_4.jpg
patches,2,patches_patches_125_3.jpg
patches,2,patches_patches_266_2.jpg
pitted_surface,3,pitted_surface_pitted_surface_82_1.jpg
scratches,5,scratches_scratches_28_3.jpg
inclusion,1,inclusion_inclusion_254_3.jpg
pitted_surface,3,pitted_surface_pitted_surface_223_0.jpg
crazing,0,crazing_crazing_3_2.jpg
rolled-in_scale,4,rolled-in_scale_rolled-in_scale_103_4.jpg
inclusion,1,inclusion_inclusion_139_0.jpg
pitted_surface,3,pitted_surface_pitted_surface_27_2.jpg
scratches,5,scratches_scratches_132_1.jpg
scratches,5,scratches_scratches_271_0.jpg
rolled-in_scale,4,rolled-in_scale_rolled-in_scale_226_0.jpg
inclusion,1,inclusion_inclusion_125_2.jpg
crazing,0,crazing_crazing_73_2.jpg
patches,2,patches_patches_135_4.jpg
pitted_surface,3,pitted_surface_pitted_surface_279_0.jpg
patches,2,patches_patches_235_3.jpg
inclusion,1,inclusion_inclusion_32_4.jpg
patches,2,patches_patches_251_2.jpg
patches,2,patches_patches_257_0.jpg
scratches,5,scratches_scratches_139_2.jpg
inclusion,1,inclusion_inclusion_296_4.jpg
patches,2,patches_patches_227_0.jpg
inclusion,1,inclusion_inclusion_76_4.jpg
pitted_surface,3,pitted_surface_pitted_surface_114_3.jpg
patches,2,patches_patches_222_3.jpg
rolled-in_scale,4,rolled-in_scale_rolled-in_scale_257_1.jpg
patches,2,patches_patches_138_3.jpg
patches,2,patches_patches_118_4.jpg
patches,2,patches_patches_232_4.jpg
inclusion,1,inclusion_inclusion_67_1.jpg
patches,2,patches_patches_126_4.jpg
patches,2,patches_patches_8_1.jpg
patches,2,patches_patches_243_3.jpg
pitted_surface,3,pitted_surface_pitted_surface_86_1.jpg
crazing,0,crazing_crazing_95_4.jpg
patches,2,patches_patches_17_3.jpg
crazing,0,crazing_crazing_118_2.jpg
crazing,0,crazing_crazing_255_2.jpg
scratches,5,scratches_scratches_57_2.jpg
scratches,5,scratches_scratches_255_3.jpg
scratches,5,scratches_scratches_236_3.jpg
inclusion,1,inclusion_inclusion_272_4.jpg
crazing,0,crazing_crazing_2_3.jpg
inclusion,1,inclusion_inclusion_206_3.jpg
crazing,0,crazing_crazing_149_0.jpg
rolled-in_scale,4,rolled-in_scale_rolled-in_scale_190_1.jpg
rolled-in_scale,4,rolled-in_scale_rolled-in_scale_286_4.jpg
patches,2,patches_patches_231_0.jpg
crazing,0,crazing_crazing_231_4.jpg
patches,2,patches_patches_36_1.jpg
crazing,0,crazing_crazing_275_1.jpg
scratches,5,scratches_scratches_128_4.jpg
scratches,5,scratches_scratches_162_2.jpg
scratches,5,scratches_scratches_218_2.jpg
patches,2,patches_patches_133_0.jpg
crazing,0,crazing_crazing_38_1.jpg
pitted_surface,3,pitted_surface_pitted_surface_43_3.jpg
crazing,0,crazing_crazing_117_0.jpg
scratches,5,scratches_scratches_277_1.jpg
scratches,5,scratches_scratches_170_0.jpg
rolled-in_scale,4,rolled-in_scale_rolled-in_scale_55_3.jpg
scratches,5,scratches_scratches_254_1.jpg
patches,2,patches_patches_183_4.jpg
scratches,5,scratches_scratches_133_2.jpg
scratches,5,scratches_scratches_195_0.jpg
rolled-in_scale,4,rolled-in_scale_rolled-in_scale_80_0.jpg
patches,2,patches_patches_122_0.jpg
inclusion,1,inclusion_inclusion_232_0.jpg
scratches,5,scratches_scratches_78_1.jpg
inclusion,1,inclusion_inclusion_196_3.jpg
scratches,5,scratches_scratches_122_3.jpg
crazing,0,crazing_crazing_112_1.jpg
rolled-in_scale,4,rolled-in_scale_rolled-in_scale_178_1.jpg
rolled-in_scale,4,rolled-in_scale_rolled-in_scale_181_2.jpg
pitted_surface,3,pitted_surface_pitted_surface_103_3.jpg
rolled-in_scale,4,rolled-in_scale_rolled-in_scale_98_4.jpg
inclusion,1,inclusion_inclusion_108_1.jpg
patches,2,patches_patches_24_3.jpg
pitted_surface,3,pitted_surface_pitted_surface_197_1.jpg
scratches,5,scratches_scratches_12_2.jpg
scratches,5,scratches_scratches_60_1.jpg
pitted_surface,3,pitted_surface_pitted_surface_71_3.jpg
patches,2,patches_patches_68_3.jpg
crazing,0,crazing_crazing_139_4.jpg
inclusion,1,inclusion_inclusion_131_3.jpg
patches,2,patches_patches_265_1.jpg
rolled-in_scale,4,rolled-in_scale_rolled-in_scale_245_1.jpg
inclusion,1,inclusion_inclusion_110_1.jpg
scratches,5,scratches_scratches_124_3.jpg
pitted_surface,3,pitted_surface_pitted_surface_82_2.jpg
pitted_surface,3,pitted_surface_pitted_surface_179_0.jpg
pitted_surface,3,pitted_surface_pitted_surface_6_2.jpg
pitted_surface,3,pitted_surface_pitted_surface_165_3.jpg
patches,2,patches_patches_133_2.jpg
crazing,0,crazing_crazing_293_3.jpg
rolled-in_scale,4,rolled-in_scale_rolled-in_scale_80_4.jpg
inclusion,1,inclusion_inclusion_290_4.jpg
scratches,5,scratches_scratches_165_0.jpg
rolled-in_scale,4,rolled-in_scale_rolled-in_scale_297_4.jpg
patches,2,patches_patches_19_1.jpg
crazing,0,crazing_crazing_188_4.jpg
rolled-in_scale,4,rolled-in_scale_rolled-in_scale_25_3.jpg
pitted_surface,3,pitted_surface_pitted_surface_65_4.jpg
patches,2,patches_patches_244_2.jpg
inclusion,1,inclusion_inclusion_220_2.jpg
pitted_surface,3,pitted_surface_pitted_surface_81_2.jpg
crazing,0,crazing_crazing_175_3.jpg
pitted_surface,3,pitted_surface_pitted_surface_109_2.jpg
crazing,0,crazing_crazing_161_4.jpg
pitted_surface,3,pitted_surface_pitted_surface_220_0.jpg
inclusion,1,inclusion_inclusion_287_2.jpg
scratches,5,scratches_scratches_163_3.jpg
pitted_surface,3,pitted_surface_pitted_surface_241_4.jpg
rolled-in_scale,4,rolled-in_scale_rolled-in_scale_131_3.jpg
pitted_surface,3,pitted_surface_pitted_surface_57_4.jpg
rolled-in_scale,4,rolled-in_scale_rolled-in_scale_159_4.jpg
scratches,5,scratches_scratches_210_1.jpg
patches,2,patches_patches_105_4.jpg
scratches,5,scratches_scratches_134_0.jpg
pitted_surface,3,pitted_surface_pitted_surface_26_1.jpg
patches,2,patches_patches_165_1.jpg
crazing,0,crazing_crazing_264_3.jpg
rolled-in_scale,4,rolled-in_scale_rolled-in_scale_74_4.jpg
rolled-in_scale,4,rolled-in_scale_rolled-in_scale_153_1.jpg
inclusion,1,inclusion_inclusion_121_2.jpg
rolled-in_scale,4,rolled-in_scale_rolled-in_scale_42_3.jpg
crazing,0,crazing_crazing_193_3.jpg
scratches,5,scratches_scratches_210_2.jpg
scratches,5,scratches_scratches_30_3.jpg
inclusion,1,inclusion_inclusion_285_4.jpg
pitted_surface,3,pitted_surface_pitted_surface_207_1.jpg
pitted_surface,3,pitted_surface_pitted_surface_255_0.jpg
pitted_surface,3,pitted_surface_pitted_surface_58_3.jpg
pitted_surface,3,pitted_surface_pitted_surface_296_0.jpg
pitted_surface,3,pitted_surface_pitted_surface_35_4.jpg
pitted_surface,3,pitted_surface_pitted_surface_299_1.jpg
scratches,5,scratches_scratches_153_0.jpg
patches,2,patches_patches_47_0.jpg
patches,2,patches_patches_100_3.jpg
crazing,0,crazing_crazing_11_3.jpg
patches,2,patches_patches_105_2.jpg
rolled-in_scale,4,rolled-in_scale_rolled-in_scale_129_3.jpg
inclusion,1,inclusion_inclusion_163_2.jpg
inclusion,1,inclusion_inclusion_279_0.jpg
patches,2,patches_patches_44_2.jpg
pitted_surface,3,pitted_surface_pitted_surface_145_4.jpg
pitted_surface,3,pitted_surface_pitted_surface_84_0.jpg
patches,2,patches_patches_241_1.jpg
inclusion,1,inclusion_inclusion_160_0.jpg
inclusion,1,inclusion_inclusion_260_1.jpg
rolled-in_scale,4,rolled-in_scale_rolled-in_scale_34_3.jpg
scratches,5,scratches_scratches_53_3.jpg
inclusion,1,inclusion_inclusion_132_4.jpg
crazing,0,crazing_crazing_27_3.jpg
crazing,0,crazing_crazing_234_2.jpg
scratches,5,scratches_scratches_1_3.jpg
patches,2,patches_patches_170_4.jpg
scratches,5,scratches_scratches_192_0.jpg
scratches,5,scratches_scratches_12_4.jpg
inclusion,1,inclusion_inclusion_17_2.jpg
patches,2,patches_patches_295_4.jpg
inclusion,1,inclusion_inclusion_137_1.jpg
inclusion,1,inclusion_inclusion_135_3.jpg
patches,2,patches_patches_19_2.jpg
scratches,5,scratches_scratches_75_3.jpg
rolled-in_scale,4,rolled-in_scale_rolled-in_scale_116_2.jpg
patches,2,patches_patches_250_1.jpg
patches,2,patches_patches_249_0.jpg
patches,2,patches_patches_107_1.jpg
crazing,0,crazing_crazing_277_1.jpg
rolled-in_scale,4,rolled-in_scale_rolled-in_scale_221_2.jpg
crazing,0,crazing_crazing_247_0.jpg
crazing,0,crazing_crazing_281_0.jpg
rolled-in_scale,4,rolled-in_scale_rolled-in_scale_17_3.jpg
crazing,0,crazing_crazing_156_1.jpg
scratches,5,scratches_scratches_14_2.jpg
crazing,0,crazing_crazing_233_1.jpg
scratches,5,scratches_scratches_221_3.jpg
rolled-in_scale,4,rolled-in_scale_rolled-in_scale_166_0.jpg
crazing,0,crazing_crazing_29_3.jpg
inclusion,1,inclusion_inclusion_63_0.jpg
scratches,5,scratches_scratches_69_3.jpg
crazing,0,crazing_crazing_239_2.jpg
scratches,5,scratches_scratches_284_2.jpg
patches,2,patches_patches_200_1.jpg
inclusion,1,inclusion_inclusion_246_1.jpg
patches,2,patches_patches_204_3.jpg
crazing,0,crazing_crazing_93_2.jpg
crazing,0,crazing_crazing_277_2.jpg
scratches,5,scratches_scratches_243_1.jpg
inclusion,1,inclusion_inclusion_278_2.jpg
patches,2,patches_patches_57_1.jpg
scratches,5,scratches_scratches_186_1.jpg
inclusion,1,inclusion_inclusion_110_4.jpg
patches,2,patches_patches_149_0.jpg
crazing,0,crazing_crazing_144_4.jpg
inclusion,1,inclusion_inclusion_74_1.jpg
rolled-in_scale,4,rolled-in_scale_rolled-in_scale_69_4.jpg
inclusion,1,inclusion_inclusion_88_4.jpg
rolled-in_scale,4,rolled-in_scale_rolled-in_scale_33_2.jpg
inclusion,1,inclusion_inclusion_118_1.jpg
crazing,0,crazing_crazing_116_2.jpg
rolled-in_scale,4,rolled-in_scale_rolled-in_scale_278_0.jpg
inclusion,1,inclusion_inclusion_80_3.jpg
inclusion,1,inclusion_inclusion_106_2.jpg
crazing,0,crazing_crazing_299_3.jpg
patches,2,patches_patches_54_2.jpg
pitted_surface,3,pitted_surface_pitted_surface_112_0.jpg
pitted_surface,3,pitted_surface_pitted_surface_114_0.jpg
scratches,5,scratches_scratches_136_0.jpg
scratches,5,scratches_scratches_52_2.jpg
scratches,5,scratches_scratches_118_4.jpg
patches,2,patches_patches_293_3.jpg
inclusion,1,inclusion_inclusion_186_1.jpg
scratches,5,scratches_scratches_85_2.jpg
rolled-in_scale,4,rolled-in_scale_rolled-in_scale_18_0.jpg
rolled-in_scale,4,rolled-in_scale_rolled-in_scale_274_0.jpg
inclusion,1,inclusion_inclusion_60_3.jpg
scratches,5,scratches_scratches_129_0.jpg
scratches,5,scratches_scratches_64_2.jpg
scratches,5,scratches_scratches_139_0.jpg
pitted_surface,3,pitted_surface_pitted_surface_219_1.jpg
inclusion,1,inclusion_inclusion_114_3.jpg
rolled-in_scale,4,rolled-in_scale_rolled-in_scale_86_3.jpg
inclusion,1,inclusion_inclusion_138_2.jpg
rolled-in_scale,4,rolled-in_scale_rolled-in_scale_22_4.jpg
rolled-in_scale,4,rolled-in_scale_rolled-in_scale_34_2.jpg
scratches,5,scratches_scratches_41_2.jpg
scratches,5,scratches_scratches_172_3.jpg
crazing,0,crazing_crazing_13_4.jpg
rolled-in_scale,4,rolled-in_scale_rolled-in_scale_23_0.jpg
crazing,0,crazing_crazing_246_4.jpg
inclusion,1,inclusion_inclusion_214_3.jpg
rolled-in_scale,4,rolled-in_scale_rolled-in_scale_245_0.jpg
patches,2,patches_patches_139_4.jpg
pitted_surface,3,pitted_surface_pitted_surface_160_0.jpg
crazing,0,crazing_crazing_226_3.jpg
patches,2,patches_patches_141_1.jpg
pitted_surface,3,pitted_surface_pitted_surface_249_1.jpg
rolled-in_scale,4,rolled-in_scale_rolled-in_scale_3_4.jpg
rolled-in_scale,4,rolled-in_scale_rolled-in_scale_62_2.jpg
patches,2,patches_patches_124_2.jpg
crazing,0,crazing_crazing_62_1.jpg
scratches,5,scratches_scratches_102_2.jpg
pitted_surface,3,pitted_surface_pitted_surface_215_0.jpg
scratches,5,scratches_scratches_278_1.jpg
rolled-in_scale,4,rolled-in_scale_rolled-in_scale_162_2.jpg
rolled-in_scale,4,rolled-in_scale_rolled-in_scale_253_0.jpg
rolled-in_scale,4,rolled-in_scale_rolled-in_scale_63_0.jpg
scratches,5,scratches_scratches_161_0.jpg
patches,2,patches_patches_67_1.jpg
inclusion,1,inclusion_inclusion_135_1.jpg
scratches,5,scratches_scratches_108_4.jpg
pitted_surface,3,pitted_surface_pitted_surface_27_1.jpg
patches,2,patches_patches_157_3.jpg
inclusion,1,inclusion_inclusion_62_2.jpg
rolled-in_scale,4,rolled-in_scale_rolled-in_scale_251_1.jpg
crazing,0,crazing_crazing_24_1.jpg
patches,2,patches_patches_7_3.jpg
patches,2,patches_patches_217_2.jpg
patches,2,patches_patches_143_2.jpg
patches,2,patches_patches_100_0.jpg
scratches,5,scratches_scratches_34_0.jpg
inclusion,1,inclusion_inclusion_77_4.jpg
inclusion,1,inclusion_inclusion_143_1.jpg
rolled-in_scale,4,rolled-in_scale_rolled-in_scale_217_3.jpg
scratches,5,scratches_scratches_112_1.jpg
pitted_surface,3,pitted_surface_pitted_surface_116_3.jpg
rolled-in_scale,4,rolled-in_scale_rolled-in_scale_257_3.jpg
inclusion,1,inclusion_inclusion_20_2.jpg
inclusion,1,inclusion_inclusion_94_4.jpg
pitted_surface,3,pitted_surface_pitted_surface_130_1.jpg
crazing,0,crazing_crazing_9_0.jpg
crazing,0,crazing_crazing_28_4.jpg
crazing,0,crazing_crazing_196_0.jpg
crazing,0,crazing_crazing_58_3.jpg
pitted_surface,3,pitted_surface_pitted_surface_34_2.jpg
patches,2,patches_patches_54_4.jpg
patches,2,patches_patches_149_3.jpg
crazing,0,crazing_crazing_150_1.jpg
scratches,5,scratches_scratches_142_3.jpg
patches,2,patches_patches_146_2.jpg
pitted_surface,3,pitted_surface_pitted_surface_193_3.jpg
pitted_surface,3,pitted_surface_pitted_surface_246_4.jpg
rolled-in_scale,4,rolled-in_scale_rolled-in_scale_114_1.jpg
crazing,0,crazing_crazing_85_0.jpg
scratches,5,scratches_scratches_198_2.jpg
crazing,0,crazing_crazing_188_3.jpg
rolled-in_scale,4,rolled-in_scale_rolled-in_scale_230_0.jpg
scratches,5,scratches_scratches_165_2.jpg
crazing,0,crazing_crazing_151_1.jpg
rolled-in_scale,4,rolled-in_scale_rolled-in_scale_291_1.jpg
patches,2,patches_patches_200_0.jpg
scratches,5,scratches_scratches_273_2.jpg
rolled-in_scale,4,rolled-in_scale_rolled-in_scale_120_0.jpg
rolled-in_scale,4,rolled-in_scale_rolled-in_scale_105_2.jpg
inclusion,1,inclusion_inclusion_45_3.jpg
pitted_surface,3,pitted_surface_pitted_surface_238_0.jpg
inclusion,1,inclusion_inclusion_222_0.jpg
crazing,0,crazing_crazing_26_2.jpg
pitted_surface,3,pitted_surface_pitted_surface_39_1.jpg
crazing,0,crazing_crazing_10_4.jpg
rolled-in_scale,4,rolled-in_scale_rolled-in_scale_204_1.jpg
scratches,5,scratches_scratches_244_1.jpg
rolled-in_scale,4,rolled-in_scale_rolled-in_scale_55_0.jpg
inclusion,1,inclusion_inclusion_251_1.jpg
crazing,0,crazing_crazing_298_0.jpg
scratches,5,scratches_scratches_195_4.jpg
inclusion,1,inclusion_inclusion_198_1.jpg
scratches,5,scratches_scratches_58_0.jpg
rolled-in_scale,4,rolled-in_scale_rolled-in_scale_222_1.jpg
scratches,5,scratches_scratches_14_0.jpg
inclusion,1,inclusion_inclusion_218_0.jpg
inclusion,1,inclusion_inclusion_159_2.jpg
scratches,5,scratches_scratches_262_0.jpg
crazing,0,crazing_crazing_150_4.jpg
pitted_surface,3,pitted_surface_pitted_surface_255_3.jpg
rolled-in_scale,4,rolled-in_scale_rolled-in_scale_255_3.jpg
pitted_surface,3,pitted_surface_pitted_surface_290_2.jpg
pitted_surface,3,pitted_surface_pitted_surface_41_2.jpg
pitted_surface,3,pitted_surface_pitted_surface_29_3.jpg
inclusion,1,inclusion_inclusion_18_4.jpg
rolled-in_scale,4,rolled-in_scale_rolled-in_scale_65_1.jpg
rolled-in_scale,4,rolled-in_scale_rolled-in_scale_58_3.jpg
pitted_surface,3,pitted_surface_pitted_surface_188_4.jpg
scratches,5,scratches_scratches_219_2.jpg
inclusion,1,inclusion_inclusion_80_0.jpg
inclusion,1,inclusion_inclusion_133_2.jpg
scratches,5,scratches_scratches_137_3.jpg
pitted_surface,3,pitted_surface_pitted_surface_63_3.jpg
scratches,5,scratches_scratches_238_4.jpg
scratches,5,scratches_scratches_79_4.jpg
inclusion,1,inclusion_inclusion_299_0.jpg
rolled-in_scale,4,rolled-in_scale_rolled-in_scale_111_1.jpg
inclusion,1,inclusion_inclusion_257_0.jpg
crazing,0,crazing_crazing_43_3.jpg
inclusion,1,inclusion_inclusion_172_0.jpg
patches,2,patches_patches_145_4.jpg
scratches,5,scratches_scratches_168_2.jpg
pitted_surface,3,pitted_surface_pitted_surface_124_0.jpg
crazing,0,crazing_crazing_204_0.jpg
patches,2,patches_patches_169_2.jpg
inclusion,1,inclusion_inclusion_249_2.jpg
pitted_surface,3,pitted_surface_pitted_surface_95_1.jpg
rolled-in_scale,4,rolled-in_scale_rolled-in_scale_171_3.jpg
rolled-in_scale,4,rolled-in_scale_rolled-in_scale_149_1.jpg
scratches,5,scratches_scratches_189_4.jpg
rolled-in_scale,4,rolled-in_scale_rolled-in_scale_5_0.jpg
inclusion,1,inclusion_inclusion_120_2.jpg
pitted_surface,3,pitted_surface_pitted_surface_273_4.jpg
inclusion,1,inclusion_inclusion_157_0.jpg
inclusion,1,inclusion_inclusion_268_3.jpg
pitted_surface,3,pitted_surface_pitted_surface_242_0.jpg
rolled-in_scale,4,rolled-in_scale_rolled-in_scale_262_0.jpg
inclusion,1,inclusion_inclusion_167_3.jpg
rolled-in_scale,4,rolled-in_scale_rolled-in_scale_287_3.jpg
inclusion,1,inclusion_inclusion_170_3.jpg
pitted_surface,3,pitted_surface_pitted_surface_214_4.jpg
rolled-in_scale,4,rolled-in_scale_rolled-in_scale_7_3.jpg
patches,2,patches_patches_275_3.jpg
rolled-in_scale,4,rolled-in_scale_rolled-in_scale_57_0.jpg
inclusion,1,inclusion_inclusion_51_4.jpg
crazing,0,crazing_crazing_198_2.jpg
scratches,5,scratches_scratches_300_3.jpg
inclusion,1,inclusion_inclusion_237_0.jpg
rolled-in_scale,4,rolled-in_scale_rolled-in_scale_202_0.jpg
scratches,5,scratches_scratches_19_0.jpg
pitted_surface,3,pitted_surface_pitted_surface_233_3.jpg
scratches,5,scratches_scratches_292_0.jpg
crazing,0,crazing_crazing_177_2.jpg
scratches,5,scratches_scratches_9_3.jpg
rolled-in_scale,4,rolled-in_scale_rolled-in_scale_80_1.jpg
crazing,0,crazing_crazing_87_2.jpg
scratches,5,scratches_scratches_167_0.jpg
crazing,0,crazing_crazing_103_4.jpg
rolled-in_scale,4,rolled-in_scale_rolled-in_scale_281_0.jpg
crazing,0,crazing_crazing_285_1.jpg
crazing,0,crazing_crazing_263_2.jpg
crazing,0,crazing_crazing_159_1.jpg
patches,2,patches_patches_28_1.jpg
pitted_surface,3,pitted_surface_pitted_surface_92_3.jpg
scratches,5,scratches_scratches_274_1.jpg
patches,2,patches_patches_78_3.jpg
pitted_surface,3,pitted_surface_pitted_surface_143_3.jpg
rolled-in_scale,4,rolled-in_scale_rolled-in_scale_164_0.jpg
inclusion,1,inclusion_inclusion_85_3.jpg
patches,2,patches_patches_185_3.jpg
scratches,5,scratches_scratches_293_3.jpg
patches,2,patches_patches_188_2.jpg
patches,2,patches_patches_193_2.jpg
inclusion,1,inclusion_inclusion_68_2.jpg
rolled-in_scale,4,rolled-in_scale_rolled-in_scale_40_1.jpg
rolled-in_scale,4,rolled-in_scale_rolled-in_scale_283_2.jpg
rolled-in_scale,4,rolled-in_scale_rolled-in_scale_161_0.jpg
patches,2,patches_patches_204_2.jpg
scratches,5,scratches_scratches_51_1.jpg
pitted_surface,3,pitted_surface_pitted_surface_235_3.jpg
inclusion,1,inclusion_inclusion_178_4.jpg
crazing,0,crazing_crazing_257_0.jpg
rolled-in_scale,4,rolled-in_scale_rolled-in_scale_209_2.jpg
scratches,5,scratches_scratches_191_1.jpg
rolled-in_scale,4,rolled-in_scale_rolled-in_scale_51_2.jpg
rolled-in_scale,4,rolled-in_scale_rolled-in_scale_117_1.jpg
inclusion,1,inclusion_inclusion_33_3.jpg
pitted_surface,3,pitted_surface_pitted_surface_110_4.jpg
crazing,0,crazing_crazing_153_3.jpg
inclusion,1,inclusion_inclusion_111_2.jpg
pitted_surface,3,pitted_surface_pitted_surface_115_4.jpg
crazing,0,crazing_crazing_24_3.jpg
pitted_surface,3,pitted_surface_pitted_surface_110_1.jpg
inclusion,1,inclusion_inclusion_246_3.jpg
pitted_surface,3,pitted_surface_pitted_surface_294_4.jpg
pitted_surface,3,pitted_surface_pitted_surface_52_1.jpg
scratches,5,scratches_scratches_118_3.jpg
pitted_surface,3,pitted_surface_pitted_surface_182_0.jpg
pitted_surface,3,pitted_surface_pitted_surface_288_0.jpg
crazing,0,crazing_crazing_106_2.jpg
crazing,0,crazing_crazing_103_2.jpg
crazing,0,crazing_crazing_227_1.jpg
inclusion,1,inclusion_inclusion_16_4.jpg
rolled-in_scale,4,rolled-in_scale_rolled-in_scale_75_3.jpg
inclusion,1,inclusion_inclusion_183_2.jpg
rolled-in_scale,4,rolled-in_scale_rolled-in_scale_94_0.jpg
patches,2,patches_patches_56_2.jpg
inclusion,1,inclusion_inclusion_83_4.jpg
rolled-in_scale,4,rolled-in_scale_rolled-in_scale_212_1.jpg
rolled-in_scale,4,rolled-in_scale_rolled-in_scale_67_4.jpg
patches,2,patches_patches_223_3.jpg
crazing,0,crazing_crazing_232_1.jpg
crazing,0,crazing_crazing_72_4.jpg
patches,2,patches_patches_7_2.jpg
rolled-in_scale,4,rolled-in_scale_rolled-in_scale_93_0.jpg
rolled-in_scale,4,rolled-in_scale_rolled-in_scale_99_1.jpg
patches,2,patches_patches_77_3.jpg
patches,2,patches_patches_33_2.jpg
crazing,0,crazing_crazing_242_4.jpg
inclusion,1,inclusion_inclusion_184_0.jpg
inclusion,1,inclusion_inclusion_81_1.jpg
scratches,5,scratches_scratches_214_0.jpg
scratches,5,scratches_scratches_124_4.jpg
inclusion,1,inclusion_inclusion_246_4.jpg
rolled-in_scale,4,rolled-in_scale_rolled-in_scale_213_1.jpg
pitted_surface,3,pitted_surface_pitted_surface_59_4.jpg
pitted_surface,3,pitted_surface_pitted_surface_217_3.jpg
inclusion,1,inclusion_inclusion_58_3.jpg
scratches,5,scratches_scratches_135_4.jpg
pitted_surface,3,pitted_surface_pitted_surface_225_4.jpg
pitted_surface,3,pitted_surface_pitted_surface_141_1.jpg
rolled-in_scale,4,rolled-in_scale_rolled-in_scale_5_3.jpg
scratches,5,scratches_scratches_74_2.jpg
inclusion,1,inclusion_inclusion_117_3.jpg
rolled-in_scale,4,rolled-in_scale_rolled-in_scale_240_1.jpg
rolled-in_scale,4,rolled-in_scale_rolled-in_scale_93_2.jpg
crazing,0,crazing_crazing_169_3.jpg
crazing,0,crazing_crazing_71_3.jpg
rolled-in_scale,4,rolled-in_scale_rolled-in_scale_148_4.jpg
crazing,0,crazing_crazing_123_0.jpg
scratches,5,scratches_scratches_260_2.jpg
rolled-in_scale,4,rolled-in_scale_rolled-in_scale_130_2.jpg
pitted_surface,3,pitted_surface_pitted_surface_43_2.jpg
rolled-in_scale,4,rolled-in_scale_rolled-in_scale_142_1.jpg
rolled-in_scale,4,rolled-in_scale_rolled-in_scale_2_1.jpg
rolled-in_scale,4,rolled-in_scale_rolled-in_scale_179_4.jpg
crazing,0,crazing_crazing_218_0.jpg
scratches,5,scratches_scratches_90_3.jpg
rolled-in_scale,4,rolled-in_scale_rolled-in_scale_171_0.jpg
crazing,0,crazing_crazing_138_0.jpg
patches,2,patches_patches_116_3.jpg
inclusion,1,inclusion_inclusion_142_3.jpg
inclusion,1,inclusion_inclusion_126_4.jpg
scratches,5,scratches_scratches_258_1.jpg
crazing,0,crazing_crazing_8_2.jpg
rolled-in_scale,4,rolled-in_scale_rolled-in_scale_237_3.jpg
rolled-in_scale,4,rolled-in_scale_rolled-in_scale_183_2.jpg
inclusion,1,inclusion_inclusion_167_1.jpg
scratches,5,scratches_scratches_57_3.jpg
crazing,0,crazing_crazing_13_2.jpg
scratches,5,scratches_scratches_283_0.jpg
rolled-in_scale,4,rolled-in_scale_rolled-in_scale_64_0.jpg
pitted_surface,3,pitted_surface_pitted_surface_205_1.jpg
scratches,5,scratches_scratches_204_3.jpg
patches,2,patches_patches_265_3.jpg
patches,2,patches_patches_242_3.jpg
scratches,5,scratches_scratches_17_4.jpg
scratches,5,scratches_scratches_26_0.jpg
crazing,0,crazing_crazing_217_2.jpg
crazing,0,crazing_crazing_124_0.jpg
inclusion,1,inclusion_inclusion_211_3.jpg
rolled-in_scale,4,rolled-in_scale_rolled-in_scale_237_4.jpg
crazing,0,crazing_crazing_13_0.jpg
rolled-in_scale,4,rolled-in_scale_rolled-in_scale_225_2.jpg
crazing,0,crazing_crazing_164_0.jpg
scratches,5,scratches_scratches_37_2.jpg
rolled-in_scale,4,rolled-in_scale_rolled-in_scale_48_2.jpg
crazing,0,crazing_crazing_287_3.jpg
pitted_surface,3,pitted_surface_pitted_surface_235_0.jpg
pitted_surface,3,pitted_surface_pitted_surface_97_3.jpg
scratches,5,scratches_scratches_215_1.jpg
crazing,0,crazing_crazing_141_0.jpg
scratches,5,scratches_scratches_268_2.jpg
patches,2,patches_patches_1_3.jpg
inclusion,1,inclusion_inclusion_272_1.jpg
scratches,5,scratches_scratches_248_4.jpg
pitted_surface,3,pitted_surface_pitted_surface_234_3.jpg
crazing,0,crazing_crazing_40_4.jpg
inclusion,1,inclusion_inclusion_263_2.jpg
rolled-in_scale,4,rolled-in_scale_rolled-in_scale_134_2.jpg
inclusion,1,inclusion_inclusion_183_3.jpg
inclusion,1,inclusion_inclusion_15_0.jpg
scratches,5,scratches_scratches_88_3.jpg
crazing,0,crazing_crazing_280_0.jpg
crazing,0,crazing_crazing_296_1.jpg
rolled-in_scale,4,rolled-in_scale_rolled-in_scale_52_4.jpg
scratches,5,scratches_scratches_298_0.jpg
crazing,0,crazing_crazing_80_4.jpg
inclusion,1,inclusion_inclusion_297_2.jpg
inclusion,1,inclusion_inclusion_197_4.jpg
rolled-in_scale,4,rolled-in_scale_rolled-in_scale_156_3.jpg
patches,2,patches_patches_210_1.jpg
patches,2,patches_patches_266_3.jpg
rolled-in_scale,4,rolled-in_scale_rolled-in_scale_299_4.jpg
rolled-in_scale,4,rolled-in_scale_rolled-in_scale_133_3.jpg
patches,2,patches_patches_125_2.jpg
inclusion,1,inclusion_inclusion_196_2.jpg
inclusion,1,inclusion_inclusion_258_4.jpg
crazing,0,crazing_crazing_25_3.jpg
scratches,5,scratches_scratches_71_2.jpg
crazing,0,crazing_crazing_99_0.jpg
patches,2,patches_patches_27_4.jpg
patches,2,patches_patches_297_0.jpg
scratches,5,scratches_scratches_118_2.jpg
crazing,0,crazing_crazing_97_2.jpg
pitted_surface,3,pitted_surface_pitted_surface_208_4.jpg
inclusion,1,inclusion_inclusion_300_0.jpg
patches,2,patches_patches_270_4.jpg
scratches,5,scratches_scratches_272_1.jpg
pitted_surface,3,pitted_surface_pitted_surface_185_1.jpg
patches,2,patches_patches_206_3.jpg
rolled-in_scale,4,rolled-in_scale_rolled-in_scale_263_0.jpg
scratches,5,scratches_scratches_48_1.jpg
inclusion,1,inclusion_inclusion_51_3.jpg
patches,2,patches_patches_118_2.jpg
patches,2,patches_patches_92_3.jpg
rolled-in_scale,4,rolled-in_scale_rolled-in_scale_59_1.jpg
patches,2,patches_patches_121_2.jpg
rolled-in_scale,4,rolled-in_scale_rolled-in_scale_99_0.jpg
inclusion,1,inclusion_inclusion_196_0.jpg
scratches,5,scratches_scratches_112_4.jpg
pitted_surface,3,pitted_surface_pitted_surface_106_1.jpg
rolled-in_scale,4,rolled-in_scale_rolled-in_scale_227_1.jpg
patches,2,patches_patches_166_2.jpg
rolled-in_scale,4,rolled-in_scale_rolled-in_scale_123_2.jpg
inclusion,1,inclusion_inclusion_124_0.jpg
patches,2,patches_patches_240_2.jpg
rolled-in_scale,4,rolled-in_scale_rolled-in_scale_169_4.jpg
crazing,0,crazing_crazing_8_1.jpg
pitted_surface,3,pitted_surface_pitted_surface_86_4.jpg
rolled-in_scale,4,rolled-in_scale_rolled-in_scale_162_0.jpg
crazing,0,crazing_crazing_201_1.jpg
crazing,0,crazing_crazing_19_1.jpg
rolled-in_scale,4,rolled-in_scale_rolled-in_scale_102_1.jpg
crazing,0,crazing_crazing_208_4.jpg
crazing,0,crazing_crazing_197_1.jpg
crazing,0,crazing_crazing_167_2.jpg
inclusion,1,inclusion_inclusion_116_3.jpg
scratches,5,scratches_scratches_45_4.jpg
scratches,5,scratches_scratches_157_4.jpg
scratches,5,scratches_scratches_76_4.jpg
pitted_surface,3,pitted_surface_pitted_surface_92_2.jpg
patches,2,patches_patches_294_1.jpg
inclusion,1,inclusion_inclusion_72_1.jpg
rolled-in_scale,4,rolled-in_scale_rolled-in_scale_243_0.jpg
inclusion,1,inclusion_inclusion_47_2.jpg
crazing,0,crazing_crazing_34_4.jpg
patches,2,patches_patches_145_0.jpg
pitted_surface,3,pitted_surface_pitted_surface_289_4.jpg
patches,2,patches_patches_219_2.jpg
inclusion,1,inclusion_inclusion_237_4.jpg
crazing,0,crazing_crazing_229_4.jpg
patches,2,patches_patches_148_3.jpg
inclusion,1,inclusion_inclusion_75_2.jpg
rolled-in_scale,4,rolled-in_scale_rolled-in_scale_280_1.jpg
crazing,0,crazing_crazing_209_4.jpg
pitted_surface,3,pitted_surface_pitted_surface_158_4.jpg
scratches,5,scratches_scratches_231_4.jpg
pitted_surface,3,pitted_surface_pitted_surface_138_1.jpg
crazing,0,crazing_crazing_280_1.jpg
scratches,5,scratches_scratches_256_4.jpg
rolled-in_scale,4,rolled-in_scale_rolled-in_scale_197_2.jpg
pitted_surface,3,pitted_surface_pitted_surface_176_1.jpg
scratches,5,scratches_scratches_268_3.jpg
scratches,5,scratches_scratches_258_3.jpg
scratches,5,scratches_scratches_115_1.jpg
rolled-in_scale,4,rolled-in_scale_rolled-in_scale_20_0.jpg
pitted_surface,3,pitted_surface_pitted_surface_211_1.jpg
pitted_surface,3,pitted_surface_pitted_surface_53_3.jpg
scratches,5,scratches_scratches_53_2.jpg
inclusion,1,inclusion_inclusion_27_4.jpg
rolled-in_scale,4,rolled-in_scale_rolled-in_scale_184_4.jpg
pitted_surface,3,pitted_surface_pitted_surface_263_4.jpg
crazing,0,crazing_crazing_84_4.jpg
inclusion,1,inclusion_inclusion_179_1.jpg
pitted_surface,3,pitted_surface_pitted_surface_6_4.jpg
pitted_surface,3,pitted_surface_pitted_surface_63_2.jpg
scratches,5,scratches_scratches_193_0.jpg
patches,2,patches_patches_120_0.jpg
rolled-in_scale,4,rolled-in_scale_rolled-in_scale_175_2.jpg
patches,2,patches_patches_127_2.jpg
scratches,5,scratches_scratches_186_2.jpg
inclusion,1,inclusion_inclusion_269_4.jpg
scratches,5,scratches_scratches_35_4.jpg
scratches,5,scratches_scratches_70_2.jpg
scratches,5,scratches_scratches_62_2.jpg
rolled-in_scale,4,rolled-in_scale_rolled-in_scale_262_1.jpg
inclusion,1,inclusion_inclusion_270_2.jpg
rolled-in_scale,4,rolled-in_scale_rolled-in_scale_125_1.jpg
rolled-in_scale,4,rolled-in_scale_rolled-in_scale_164_3.jpg
rolled-in_scale,4,rolled-in_scale_rolled-in_scale_54_1.jpg
rolled-in_scale,4,rolled-in_scale_rolled-in_scale_89_3.jpg
pitted_surface,3,pitted_surface_pitted_surface_222_1.jpg
pitted_surface,3,pitted_surface_pitted_surface_173_0.jpg
rolled-in_scale,4,rolled-in_scale_rolled-in_scale_10_0.jpg
scratches,5,scratches_scratches_231_1.jpg
scratches,5,scratches_scratches_58_3.jpg
pitted_surface,3,pitted_surface_pitted_surface_115_0.jpg
pitted_surface,3,pitted_surface_pitted_surface_252_2.jpg
crazing,0,crazing_crazing_194_1.jpg
crazing,0,crazing_crazing_254_4.jpg
crazing,0,crazing_crazing_208_2.jpg
crazing,0,crazing_crazing_97_0.jpg
inclusion,1,inclusion_inclusion_125_3.jpg
inclusion,1,inclusion_inclusion_226_2.jpg
patches,2,patches_patches_101_0.jpg
inclusion,1,inclusion_inclusion_222_3.jpg
patches,2,patches_patches_39_1.jpg
patches,2,patches_patches_162_1.jpg
rolled-in_scale,4,rolled-in_scale_rolled-in_scale_274_1.jpg
pitted_surface,3,pitted_surface_pitted_surface_257_2.jpg
crazing,0,crazing_crazing_76_1.jpg
pitted_surface,3,pitted_surface_pitted_surface_149_3.jpg
crazing,0,crazing_crazing_131_4.jpg
inclusion,1,inclusion_inclusion_207_0.jpg
pitted_surface,3,pitted_surface_pitted_surface_57_1.jpg
inclusion,1,inclusion_inclusion_49_2.jpg
pitted_surface,3,pitted_surface_pitted_surface_74_1.jpg
rolled-in_scale,4,rolled-in_scale_rolled-in_scale_255_2.jpg
patches,2,patches_patches_8_4.jpg
crazing,0,crazing_crazing_80_2.jpg
inclusion,1,inclusion_inclusion_207_2.jpg
scratches,5,scratches_scratches_265_4.jpg
rolled-in_scale,4,rolled-in_scale_rolled-in_scale_58_1.jpg
inclusion,1,inclusion_inclusion_190_0.jpg
crazing,0,crazing_crazing_196_3.jpg
inclusion,1,inclusion_inclusion_163_1.jpg
inclusion,1,inclusion_inclusion_145_4.jpg
inclusion,1,inclusion_inclusion_115_0.jpg
crazing,0,crazing_crazing_230_0.jpg
crazing,0,crazing_crazing_45_0.jpg
scratches,5,scratches_scratches_60_3.jpg
patches,2,patches_patches_193_1.jpg
crazing,0,crazing_crazing_109_1.jpg
crazing,0,crazing_crazing_158_0.jpg
rolled-in_scale,4,rolled-in_scale_rolled-in_scale_79_0.jpg
crazing,0,crazing_crazing_229_0.jpg
scratches,5,scratches_scratches_45_0.jpg
pitted_surface,3,pitted_surface_pitted_surface_242_1.jpg
rolled-in_scale,4,rolled-in_scale_rolled-in_scale_23_2.jpg
crazing,0,crazing_crazing_47_1.jpg
pitted_surface,3,pitted_surface_pitted_surface_210_1.jpg
scratches,5,scratches_scratches_113_0.jpg
crazing,0,crazing_crazing_267_3.jpg
scratches,5,scratches_scratches_122_4.jpg
scratches,5,scratches_scratches_190_1.jpg
crazing,0,crazing_crazing_163_0.jpg
pitted_surface,3,pitted_surface_pitted_surface_144_1.jpg
crazing,0,crazing_crazing_98_3.jpg
inclusion,1,inclusion_inclusion_219_0.jpg
pitted_surface,3,pitted_surface_pitted_surface_50_2.jpg
crazing,0,crazing_crazing_151_2.jpg
crazing,0,crazing_crazing_151_4.jpg
patches,2,patches_patches_95_3.jpg
crazing,0,crazing_crazing_168_1.jpg
inclusion,1,inclusion_inclusion_289_2.jpg
inclusion,1,inclusion_inclusion_9_4.jpg
rolled-in_scale,4,rolled-in_scale_rolled-in_scale_49_2.jpg
crazing,0,crazing_crazing_232_4.jpg
crazing,0,crazing_crazing_157_1.jpg
scratches,5,scratches_scratches_286_4.jpg
patches,2,patches_patches_221_4.jpg
patches,2,patches_patches_291_4.jpg
inclusion,1,inclusion_inclusion_239_1.jpg
rolled-in_scale,4,rolled-in_scale_rolled-in_scale_84_0.jpg
patches,2,patches_patches_123_4.jpg
inclusion,1,inclusion_inclusion_104_2.jpg
rolled-in_scale,4,rolled-in_scale_rolled-in_scale_135_4.jpg
pitted_surface,3,pitted_surface_pitted_surface_157_1.jpg
crazing,0,crazing_crazing_77_0.jpg
rolled-in_scale,4,rolled-in_scale_rolled-in_scale_16_2.jpg
scratches,5,scratches_scratches_240_0.jpg
inclusion,1,inclusion_inclusion_223_3.jpg
inclusion,1,inclusion_inclusion_218_3.jpg
scratches,5,scratches_scratches_22_1.jpg
crazing,0,crazing_crazing_186_2.jpg
rolled-in_scale,4,rolled-in_scale_rolled-in_scale_40_2.jpg
inclusion,1,inclusion_inclusion_270_0.jpg
pitted_surface,3,pitted_surface_pitted_surface_271_0.jpg
scratches,5,scratches_scratches_76_1.jpg
scratches,5,scratches_scratches_201_4.jpg
rolled-in_scale,4,rolled-in_scale_rolled-in_scale_228_0.jpg
rolled-in_scale,4,rolled-in_scale_rolled-in_scale_253_4.jpg
rolled-in_scale,4,rolled-in_scale_rolled-in_scale_236_0.jpg
pitted_surface,3,pitted_surface_pitted_surface_245_1.jpg
scratches,5,scratches_scratches_249_0.jpg
patches,2,patches_patches_222_4.jpg
inclusion,1,inclusion_inclusion_210_2.jpg
crazing,0,crazing_crazing_259_1.jpg
inclusion,1,inclusion_inclusion_126_2.jpg
scratches,5,scratches_scratches_31_2.jpg
patches,2,patches_patches_260_4.jpg
inclusion,1,inclusion_inclusion_171_1.jpg
patches,2,patches_patches_201_4.jpg
pitted_surface,3,pitted_surface_pitted_surface_297_2.jpg
pitted_surface,3,pitted_surface_pitted_surface_259_0.jpg
pitted_surface,3,pitted_surface_pitted_surface_121_3.jpg
inclusion,1,inclusion_inclusion_221_0.jpg
scratches,5,scratches_scratches_46_0.jpg
scratches,5,scratches_scratches_192_2.jpg
pitted_surface,3,pitted_surface_pitted_surface_88_2.jpg
inclusion,1,inclusion_inclusion_185_4.jpg
pitted_surface,3,pitted_surface_pitted_surface_186_1.jpg
inclusion,1,inclusion_inclusion_52_0.jpg
crazing,0,crazing_crazing_14_2.jpg
pitted_surface,3,pitted_surface_pitted_surface_161_4.jpg
inclusion,1,inclusion_inclusion_85_1.jpg
crazing,0,crazing_crazing_214_3.jpg
rolled-in_scale,4,rolled-in_scale_rolled-in_scale_154_3.jpg
scratches,5,scratches_scratches_158_4.jpg
patches,2,patches_patches_151_2.jpg
rolled-in_scale,4,rolled-in_scale_rolled-in_scale_112_1.jpg
pitted_surface,3,pitted_surface_pitted_surface_152_2.jpg
inclusion,1,inclusion_inclusion_50_0.jpg
scratches,5,scratches_scratches_268_4.jpg
rolled-in_scale,4,rolled-in_scale_rolled-in_scale_1_4.jpg
patches,2,patches_patches_236_4.jpg
pitted_surface,3,pitted_surface_pitted_surface_293_2.jpg
pitted_surface,3,pitted_surface_pitted_surface_58_2.jpg
crazing,0,crazing_crazing_249_4.jpg
pitted_surface,3,pitted_surface_pitted_surface_272_3.jpg
patches,2,patches_patches_179_1.jpg
crazing,0,crazing_crazing_130_3.jpg
crazing,0,crazing_crazing_201_2.jpg
inclusion,1,inclusion_inclusion_100_4.jpg
patches,2,patches_patches_187_4.jpg
rolled-in_scale,4,rolled-in_scale_rolled-in_scale_7_0.jpg
pitted_surface,3,pitted_surface_pitted_surface_280_1.jpg
crazing,0,crazing_crazing_108_2.jpg
pitted_surface,3,pitted_surface_pitted_surface_275_1.jpg
scratches,5,scratches_scratches_64_0.jpg
rolled-in_scale,4,rolled-in_scale_rolled-in_scale_268_0.jpg
pitted_surface,3,pitted_surface_pitted_surface_84_4.jpg
rolled-in_scale,4,rolled-in_scale_rolled-in_scale_177_0.jpg
rolled-in_scale,4,rolled-in_scale_rolled-in_scale_7_2.jpg
scratches,5,scratches_scratches_232_0.jpg
inclusion,1,inclusion_inclusion_132_2.jpg
inclusion,1,inclusion_inclusion_210_4.jpg
inclusion,1,inclusion_inclusion_9_1.jpg
rolled-in_scale,4,rolled-in_scale_rolled-in_scale_11_1.jpg
patches,2,patches_patches_198_3.jpg
rolled-in_scale,4,rolled-in_scale_rolled-in_scale_28_3.jpg
crazing,0,crazing_crazing_10_2.jpg
crazing,0,crazing_crazing_21_4.jpg
crazing,0,crazing_crazing_282_3.jpg
pitted_surface,3,pitted_surface_pitted_surface_158_1.jpg
scratches,5,scratches_scratches_80_0.jpg
patches,2,patches_patches_230_0.jpg
patches,2,patches_patches_132_1.jpg
pitted_surface,3,pitted_surface_pitted_surface_111_4.jpg
rolled-in_scale,4,rolled-in_scale_rolled-in_scale_260_2.jpg
pitted_surface,3,pitted_surface_pitted_surface_174_2.jpg
crazing,0,crazing_crazing_278_4.jpg
crazing,0,crazing_crazing_251_2.jpg
rolled-in_scale,4,rolled-in_scale_rolled-in_scale_171_4.jpg
scratches,5,scratches_scratches_205_2.jpg
pitted_surface,3,pitted_surface_pitted_surface_52_3.jpg
crazing,0,crazing_crazing_228_3.jpg
pitted_surface,3,pitted_surface_pitted_surface_27_3.jpg
crazing,0,crazing_crazing_93_1.jpg
crazing,0,crazing_crazing_2_0.jpg
crazing,0,crazing_crazing_253_3.jpg
rolled-in_scale,4,rolled-in_scale_rolled-in_scale_97_4.jpg
pitted_surface,3,pitted_surface_pitted_surface_105_2.jpg
rolled-in_scale,4,rolled-in_scale_rolled-in_scale_111_4.jpg
inclusion,1,inclusion_inclusion_264_1.jpg
crazing,0,crazing_crazing_146_4.jpg
pitted_surface,3,pitted_surface_pitted_surface_49_3.jpg
scratches,5,scratches_scratches_100_1.jpg
patches,2,patches_patches_228_2.jpg
crazing,0,crazing_crazing_38_3.jpg
patches,2,patches_patches_46_2.jpg
rolled-in_scale,4,rolled-in_scale_rolled-in_scale_78_4.jpg
scratches,5,scratches_scratches_183_2.jpg
rolled-in_scale,4,rolled-in_scale_rolled-in_scale_195_0.jpg
pitted_surface,3,pitted_surface_pitted_surface_270_0.jpg
rolled-in_scale,4,rolled-in_scale_rolled-in_scale_125_4.jpg
patches,2,patches_patches_258_1.jpg
pitted_surface,3,pitted_surface_pitted_surface_226_2.jpg
scratches,5,scratches_scratches_168_1.jpg
crazing,0,crazing_crazing_211_1.jpg
inclusion,1,inclusion_inclusion_273_1.jpg
patches,2,patches_patches_12_4.jpg
pitted_surface,3,pitted_surface_pitted_surface_156_0.jpg
scratches,5,scratches_scratches_64_1.jpg
inclusion,1,inclusion_inclusion_158_1.jpg
inclusion,1,inclusion_inclusion_224_3.jpg
inclusion,1,inclusion_inclusion_209_3.jpg
pitted_surface,3,pitted_surface_pitted_surface_72_4.jpg
scratches,5,scratches_scratches_253_0.jpg
pitted_surface,3,pitted_surface_pitted_surface_40_0.jpg
inclusion,1,inclusion_inclusion_224_1.jpg
inclusion,1,inclusion_inclusion_39_0.jpg
scratches,5,scratches_scratches_134_3.jpg
pitted_surface,3,pitted_surface_pitted_surface_82_0.jpg
rolled-in_scale,4,rolled-in_scale_rolled-in_scale_95_0.jpg
scratches,5,scratches_scratches_201_1.jpg
crazing,0,crazing_crazing_207_3.jpg
rolled-in_scale,4,rolled-in_scale_rolled-in_scale_9_0.jpg
pitted_surface,3,pitted_surface_pitted_surface_66_4.jpg
patches,2,patches_patches_116_1.jpg
scratches,5,scratches_scratches_152_3.jpg
inclusion,1,inclusion_inclusion_296_2.jpg
patches,2,patches_patches_108_1.jpg
crazing,0,crazing_crazing_66_0.jpg
patches,2,patches_patches_196_0.jpg
inclusion,1,inclusion_inclusion_100_2.jpg
patches,2,patches_patches_250_3.jpg
pitted_surface,3,pitted_surface_pitted_surface_298_4.jpg
patches,2,patches_patches_64_0.jpg
scratches,5,scratches_scratches_172_2.jpg
crazing,0,crazing_crazing_173_2.jpg
pitted_surface,3,pitted_surface_pitted_surface_179_1.jpg
patches,2,patches_patches_229_4.jpg
rolled-in_scale,4,rolled-in_scale_rolled-in_scale_73_3.jpg
rolled-in_scale,4,rolled-in_scale_rolled-in_scale_159_2.jpg
scratches,5,scratches_scratches_196_3.jpg
pitted_surface,3,pitted_surface_pitted_surface_47_2.jpg
inclusion,1,inclusion_inclusion_165_4.jpg
pitted_surface,3,pitted_surface_pitted_surface_26_3.jpg
rolled-in_scale,4,rolled-in_scale_rolled-in_scale_105_0.jpg
inclusion,1,inclusion_inclusion_118_4.jpg
rolled-in_scale,4,rolled-in_scale_rolled-in_scale_280_0.jpg
inclusion,1,inclusion_inclusion_247_3.jpg
pitted_surface,3,pitted_surface_pitted_surface_298_1.jpg
pitted_surface,3,pitted_surface_pitted_surface_73_3.jpg
pitted_surface,3,pitted_surface_pitted_surface_137_3.jpg
rolled-in_scale,4,rolled-in_scale_rolled-in_scale_177_3.jpg
patches,2,patches_patches_178_0.jpg
scratches,5,scratches_scratches_82_4.jpg
pitted_surface,3,pitted_surface_pitted_surface_298_3.jpg
scratches,5,scratches_scratches_205_3.jpg
pitted_surface,3,pitted_surface_pitted_surface_171_3.jpg
pitted_surface,3,pitted_surface_pitted_surface_10_1.jpg
inclusion,1,inclusion_inclusion_292_2.jpg
patches,2,patches_patches_237_3.jpg
rolled-in_scale,4,rolled-in_scale_rolled-in_scale_20_2.jpg
pitted_surface,3,pitted_surface_pitted_surface_244_1.jpg
pitted_surface,3,pitted_surface_pitted_surface_129_1.jpg
rolled-in_scale,4,rolled-in_scale_rolled-in_scale_55_2.jpg
rolled-in_scale,4,rolled-in_scale_rolled-in_scale_287_4.jpg
crazing,0,crazing_crazing_129_2.jpg
rolled-in_scale,4,rolled-in_scale_rolled-in_scale_294_1.jpg
inclusion,1,inclusion_inclusion_59_3.jpg
crazing,0,crazing_crazing_299_2.jpg
pitted_surface,3,pitted_surface_pitted_surface_39_0.jpg
pitted_surface,3,pitted_surface_pitted_surface_203_4.jpg
rolled-in_scale,4,rolled-in_scale_rolled-in_scale_91_0.jpg
inclusion,1,inclusion_inclusion_239_2.jpg
patches,2,patches_patches_199_3.jpg
inclusion,1,inclusion_inclusion_240_3.jpg
rolled-in_scale,4,rolled-in_scale_rolled-in_scale_223_4.jpg
inclusion,1,inclusion_inclusion_51_2.jpg
pitted_surface,3,pitted_surface_pitted_surface_70_0.jpg
inclusion,1,inclusion_inclusion_111_4.jpg
scratches,5,scratches_scratches_281_4.jpg
scratches,5,scratches_scratches_40_2.jpg
crazing,0,crazing_crazing_136_4.jpg
patches,2,patches_patches_253_1.jpg
scratches,5,scratches_scratches_24_2.jpg
inclusion,1,inclusion_inclusion_244_1.jpg
inclusion,1,inclusion_inclusion_216_4.jpg
crazing,0,crazing_crazing_22_4.jpg
crazing,0,crazing_crazing_275_2.jpg
pitted_surface,3,pitted_surface_pitted_surface_212_3.jpg
pitted_surface,3,pitted_surface_pitted_surface_70_4.jpg
scratches,5,scratches_scratches_185_4.jpg
rolled-in_scale,4,rolled-in_scale_rolled-in_scale_180_2.jpg
crazing,0,crazing_crazing_46_0.jpg
pitted_surface,3,pitted_surface_pitted_surface_140_3.jpg
patches,2,patches_patches_226_2.jpg
pitted_surface,3,pitted_surface_pitted_surface_180_3.jpg
crazing,0,crazing_crazing_176_1.jpg
pitted_surface,3,pitted_surface_pitted_surface_267_4.jpg
patches,2,patches_patches_94_3.jpg
patches,2,patches_patches_285_4.jpg
pitted_surface,3,pitted_surface_pitted_surface_164_2.jpg
patches,2,patches_patches_46_3.jpg
pitted_surface,3,pitted_surface_pitted_surface_214_3.jpg
scratches,5,scratches_scratches_160_0.jpg
patches,2,patches_patches_176_3.jpg
pitted_surface,3,pitted_surface_pitted_surface_58_4.jpg
scratches,5,scratches_scratches_237_1.jpg
scratches,5,scratches_scratches_39_3.jpg
scratches,5,scratches_scratches_111_3.jpg
inclusion,1,inclusion_inclusion_231_3.jpg
patches,2,patches_patches_163_0.jpg
pitted_surface,3,pitted_surface_pitted_surface_162_2.jpg
patches,2,patches_patches_34_4.jpg
scratches,5,scratches_scratches_246_3.jpg
rolled-in_scale,4,rolled-in_scale_rolled-in_scale_135_1.jpg
inclusion,1,inclusion_inclusion_26_3.jpg
patches,2,patches_patches_21_1.jpg
patches,2,patches_patches_229_2.jpg
scratches,5,scratches_scratches_23_0.jpg
inclusion,1,inclusion_inclusion_22_0.jpg
scratches,5,scratches_scratches_210_0.jpg
patches,2,patches_patches_113_0.jpg
pitted_surface,3,pitted_surface_pitted_surface_265_3.jpg
scratches,5,scratches_scratches_151_4.jpg
scratches,5,scratches_scratches_48_0.jpg
inclusion,1,inclusion_inclusion_198_0.jpg
patches,2,patches_patches_134_3.jpg
pitted_surface,3,pitted_surface_pitted_surface_258_3.jpg
rolled-in_scale,4,rolled-in_scale_rolled-in_scale_104_0.jpg
crazing,0,crazing_crazing_137_1.jpg
patches,2,patches_patches_56_0.jpg
patches,2,patches_patches_219_4.jpg
crazing,0,crazing_crazing_129_0.jpg
scratches,5,scratches_scratches_1_4.jpg
rolled-in_scale,4,rolled-in_scale_rolled-in_scale_273_2.jpg
patches,2,patches_patches_109_0.jpg
patches,2,patches_patches_221_3.jpg
scratches,5,scratches_scratches_65_0.jpg
patches,2,patches_patches_130_2.jpg
crazing,0,crazing_crazing_224_0.jpg
pitted_surface,3,pitted_surface_pitted_surface_224_4.jpg
crazing,0,crazing_crazing_247_3.jpg
patches,2,patches_patches_83_3.jpg
patches,2,patches_patches_93_3.jpg
inclusion,1,inclusion_inclusion_102_4.jpg
pitted_surface,3,pitted_surface_pitted_surface_78_4.jpg
pitted_surface,3,pitted_surface_pitted_surface_166_1.jpg
scratches,5,scratches_scratches_102_3.jpg
rolled-in_scale,4,rolled-in_scale_rolled-in_scale_43_3.jpg
inclusion,1,inclusion_inclusion_146_4.jpg
crazing,0,crazing_crazing_110_3.jpg
patches,2,patches_patches_77_2.jpg
crazing,0,crazing_crazing_139_3.jpg
inclusion,1,inclusion_inclusion_152_3.jpg
patches,2,patches_patches_110_3.jpg
scratches,5,scratches_scratches_128_3.jpg
rolled-in_scale,4,rolled-in_scale_rolled-in_scale_212_4.jpg
pitted_surface,3,pitted_surface_pitted_surface_260_1.jpg
inclusion,1,inclusion_inclusion_140_3.jpg
crazing,0,crazing_crazing_223_1.jpg
scratches,5,scratches_scratches_186_0.jpg
rolled-in_scale,4,rolled-in_scale_rolled-in_scale_250_3.jpg
patches,2,patches_patches_177_2.jpg
pitted_surface,3,pitted_surface_pitted_surface_157_0.jpg
crazing,0,crazing_crazing_245_2.jpg
crazing,0,crazing_crazing_97_3.jpg
pitted_surface,3,pitted_surface_pitted_surface_195_2.jpg
rolled-in_scale,4,rolled-in_scale_rolled-in_scale_246_1.jpg
patches,2,patches_patches_39_3.jpg
inclusion,1,inclusion_inclusion_81_0.jpg
scratches,5,scratches_scratches_97_2.jpg
scratches,5,scratches_scratches_279_3.jpg
patches,2,patches_patches_16_3.jpg
pitted_surface,3,pitted_surface_pitted_surface_78_1.jpg
inclusion,1,inclusion_inclusion_213_3.jpg
rolled-in_scale,4,rolled-in_scale_rolled-in_scale_12_4.jpg
crazing,0,crazing_crazing_58_4.jpg
rolled-in_scale,4,rolled-in_scale_rolled-in_scale_27_0.jpg
pitted_surface,3,pitted_surface_pitted_surface_240_3.jpg
patches,2,patches_patches_26_3.jpg
patches,2,patches_patches_57_3.jpg
rolled-in_scale,4,rolled-in_scale_rolled-in_scale_284_4.jpg
pitted_surface,3,pitted_surface_pitted_surface_125_3.jpg
inclusion,1,inclusion_inclusion_114_2.jpg
crazing,0,crazing_crazing_117_4.jpg
scratches,5,scratches_scratches_97_3.jpg
inclusion,1,inclusion_inclusion_129_2.jpg
inclusion,1,inclusion_inclusion_175_3.jpg
pitted_surface,3,pitted_surface_pitted_surface_290_0.jpg
scratches,5,scratches_scratches_175_0.jpg
inclusion,1,inclusion_inclusion_209_4.jpg
scratches,5,scratches_scratches_24_1.jpg
crazing,0,crazing_crazing_253_4.jpg
inclusion,1,inclusion_inclusion_4_1.jpg
scratches,5,scratches_scratches_257_0.jpg
inclusion,1,inclusion_inclusion_221_2.jpg
patches,2,patches_patches_268_3.jpg
patches,2,patches_patches_154_1.jpg
rolled-in_scale,4,rolled-in_scale_rolled-in_scale_145_0.jpg
inclusion,1,inclusion_inclusion_165_1.jpg
rolled-in_scale,4,rolled-in_scale_rolled-in_scale_56_0.jpg
rolled-in_scale,4,rolled-in_scale_rolled-in_scale_191_1.jpg
crazing,0,crazing_crazing_122_1.jpg
rolled-in_scale,4,rolled-in_scale_rolled-in_scale_8_4.jpg
rolled-in_scale,4,rolled-in_scale_rolled-in_scale_85_1.jpg
inclusion,1,inclusion_inclusion_284_3.jpg
scratches,5,scratches_scratches_9_2.jpg
patches,2,patches_patches_204_0.jpg
crazing,0,crazing_crazing_228_1.jpg
inclusion,1,inclusion_inclusion_235_3.jpg
pitted_surface,3,pitted_surface_pitted_surface_9_3.jpg
inclusion,1,inclusion_inclusion_228_1.jpg
crazing,0,crazing_crazing_62_3.jpg
patches,2,patches_patches_96_2.jpg
pitted_surface,3,pitted_surface_pitted_surface_183_1.jpg
crazing,0,crazing_crazing_155_0.jpg
patches,2,patches_patches_85_4.jpg
scratches,5,scratches_scratches_88_4.jpg
inclusion,1,inclusion_inclusion_215_4.jpg
crazing,0,crazing_crazing_43_2.jpg
crazing,0,crazing_crazing_142_2.jpg
rolled-in_scale,4,rolled-in_scale_rolled-in_scale_163_2.jpg
pitted_surface,3,pitted_surface_pitted_surface_278_2.jpg
pitted_surface,3,pitted_surface_pitted_surface_36_4.jpg
pitted_surface,3,pitted_surface_pitted_surface_10_2.jpg
rolled-in_scale,4,rolled-in_scale_rolled-in_scale_53_2.jpg
inclusion,1,inclusion_inclusion_45_2.jpg
scratches,5,scratches_scratches_86_1.jpg
inclusion,1,inclusion_inclusion_295_3.jpg
rolled-in_scale,4,rolled-in_scale_rolled-in_scale_174_4.jpg
inclusion,1,inclusion_inclusion_14_3.jpg
crazing,0,crazing_crazing_290_1.jpg
scratches,5,scratches_scratches_243_2.jpg
rolled-in_scale,4,rolled-in_scale_rolled-in_scale_122_1.jpg
pitted_surface,3,pitted_surface_pitted_surface_181_4.jpg
patches,2,patches_patches_255_3.jpg
pitted_surface,3,pitted_surface_pitted_surface_226_1.jpg
scratches,5,scratches_scratches_270_2.jpg
inclusion,1,inclusion_inclusion_41_4.jpg
patches,2,patches_patches_257_2.jpg
scratches,5,scratches_scratches_154_3.jpg
pitted_surface,3,pitted_surface_pitted_surface_190_4.jpg
inclusion,1,inclusion_inclusion_128_1.jpg
scratches,5,scratches_scratches_51_2.jpg
scratches,5,scratches_scratches_194_1.jpg
pitted_surface,3,pitted_surface_pitted_surface_99_4.jpg
rolled-in_scale,4,rolled-in_scale_rolled-in_scale_22_0.jpg
patches,2,patches_patches_50_3.jpg
patches,2,patches_patches_281_0.jpg
pitted_surface,3,pitted_surface_pitted_surface_119_0.jpg
pitted_surface,3,pitted_surface_pitted_surface_81_0.jpg
pitted_surface,3,pitted_surface_pitted_surface_245_2.jpg
pitted_surface,3,pitted_surface_pitted_surface_107_0.jpg
patches,2,patches_patches_259_3.jpg
inclusion,1,inclusion_inclusion_248_3.jpg
pitted_surface,3,pitted_surface_pitted_surface_287_3.jpg
inclusion,1,inclusion_inclusion_242_4.jpg
patches,2,patches_patches_171_1.jpg
pitted_surface,3,pitted_surface_pitted_surface_30_3.jpg
rolled-in_scale,4,rolled-in_scale_rolled-in_scale_170_0.jpg
scratches,5,scratches_scratches_255_1.jpg
pitted_surface,3,pitted_surface_pitted_surface_279_1.jpg
rolled-in_scale,4,rolled-in_scale_rolled-in_scale_270_3.jpg
inclusion,1,inclusion_inclusion_178_0.jpg
patches,2,patches_patches_152_3.jpg
crazing,0,crazing_crazing_194_2.jpg
crazing,0,crazing_crazing_38_0.jpg
inclusion,1,inclusion_inclusion_24_1.jpg
rolled-in_scale,4,rolled-in_scale_rolled-in_scale_201_0.jpg
patches,2,patches_patches_2_0.jpg
patches,2,patches_patches_160_4.jpg
scratches,5,scratches_scratches_55_0.jpg
rolled-in_scale,4,rolled-in_scale_rolled-in_scale_227_2.jpg
inclusion,1,inclusion_inclusion_14_4.jpg
crazing,0,crazing_crazing_27_2.jpg
rolled-in_scale,4,rolled-in_scale_rolled-in_scale_108_2.jpg
crazing,0,crazing_crazing_207_2.jpg
patches,2,patches_patches_132_0.jpg
scratches,5,scratches_scratches_143_1.jpg
rolled-in_scale,4,rolled-in_scale_rolled-in_scale_251_3.jpg
patches,2,patches_patches_49_0.jpg
rolled-in_scale,4,rolled-in_scale_rolled-in_scale_87_1.jpg
patches,2,patches_patches_50_4.jpg
crazing,0,crazing_crazing_178_3.jpg
inclusion,1,inclusion_inclusion_32_2.jpg
scratches,5,scratches_scratches_112_2.jpg
patches,2,patches_patches_160_3.jpg
crazing,0,crazing_crazing_273_4.jpg
crazing,0,crazing_crazing_228_2.jpg
patches,2,patches_patches_126_2.jpg
inclusion,1,inclusion_inclusion_298_0.jpg
rolled-in_scale,4,rolled-in_scale_rolled-in_scale_53_4.jpg
inclusion,1,inclusion_inclusion_83_3.jpg
inclusion,1,inclusion_inclusion_47_3.jpg
scratches,5,scratches_scratches_88_1.jpg
scratches,5,scratches_scratches_291_3.jpg
inclusion,1,inclusion_inclusion_268_1.jpg
patches,2,patches_patches_193_4.jpg
patches,2,patches_patches_231_3.jpg
rolled-in_scale,4,rolled-in_scale_rolled-in_scale_253_1.jpg
crazing,0,crazing_crazing_261_0.jpg
scratches,5,scratches_scratches_160_1.jpg
scratches,5,scratches_scratches_29_1.jpg
scratches,5,scratches_scratches_84_4.jpg
pitted_surface,3,pitted_surface_pitted_surface_149_2.jpg
inclusion,1,inclusion_inclusion_222_4.jpg
inclusion,1,inclusion_inclusion_177_2.jpg
crazing,0,crazing_crazing_197_3.jpg
scratches,5,scratches_scratches_282_3.jpg
patches,2,patches_patches_288_2.jpg
patches,2,patches_patches_12_2.jpg
scratches,5,scratches_scratches_244_0.jpg
rolled-in_scale,4,rolled-in_scale_rolled-in_scale_123_1.jpg
inclusion,1,inclusion_inclusion_258_0.jpg
patches,2,patches_patches_12_3.jpg
crazing,0,crazing_crazing_268_3.jpg
pitted_surface,3,pitted_surface_pitted_surface_198_2.jpg
rolled-in_scale,4,rolled-in_scale_rolled-in_scale_6_2.jpg
rolled-in_scale,4,rolled-in_scale_rolled-in_scale_259_1.jpg
inclusion,1,inclusion_inclusion_65_3.jpg
crazing,0,crazing_crazing_165_1.jpg
patches,2,patches_patches_132_4.jpg
crazing,0,crazing_crazing_234_0.jpg
crazing,0,crazing_crazing_123_3.jpg
pitted_surface,3,pitted_surface_pitted_surface_114_1.jpg
patches,2,patches_patches_273_4.jpg
crazing,0,crazing_crazing_196_4.jpg
pitted_surface,3,pitted_surface_pitted_surface_13_2.jpg
inclusion,1,inclusion_inclusion_116_1.jpg
patches,2,patches_patches_69_3.jpg
scratches,5,scratches_scratches_255_2.jpg
crazing,0,crazing_crazing_209_3.jpg
patches,2,patches_patches_32_3.jpg
inclusion,1,inclusion_inclusion_212_2.jpg
pitted_surface,3,pitted_surface_pitted_surface_72_2.jpg
pitted_surface,3,pitted_surface_pitted_surface_116_2.jpg
inclusion,1,inclusion_inclusion_104_3.jpg
rolled-in_scale,4,rolled-in_scale_rolled-in_scale_22_1.jpg
pitted_surface,3,pitted_surface_pitted_surface_102_4.jpg
patches,2,patches_patches_206_1.jpg
rolled-in_scale,4,rolled-in_scale_rolled-in_scale_116_4.jpg
crazing,0,crazing_crazing_293_4.jpg
scratches,5,scratches_scratches_293_1.jpg
pitted_surface,3,pitted_surface_pitted_surface_152_1.jpg
inclusion,1,inclusion_inclusion_31_3.jpg
pitted_surface,3,pitted_surface_pitted_surface_135_1.jpg
patches,2,patches_patches_195_3.jpg
rolled-in_scale,4,rolled-in_scale_rolled-in_scale_286_0.jpg
patches,2,patches_patches_154_4.jpg
patches,2,patches_patches_285_2.jpg
rolled-in_scale,4,rolled-in_scale_rolled-in_scale_247_3.jpg
inclusion,1,inclusion_inclusion_234_0.jpg
patches,2,patches_patches_61_0.jpg
scratches,5,scratches_scratches_213_0.jpg
pitted_surface,3,pitted_surface_pitted_surface_183_3.jpg
inclusion,1,inclusion_inclusion_300_1.jpg
rolled-in_scale,4,rolled-in_scale_rolled-in_scale_233_4.jpg
rolled-in_scale,4,rolled-in_scale_rolled-in_scale_16_1.jpg
pitted_surface,3,pitted_surface_pitted_surface_203_1.jpg
inclusion,1,inclusion_inclusion_4_4.jpg
patches,2,patches_patches_183_2.jpg
inclusion,1,inclusion_inclusion_265_2.jpg
scratches,5,scratches_scratches_55_1.jpg
patches,2,patches_patches_267_0.jpg
crazing,0,crazing_crazing_252_2.jpg
patches,2,patches_patches_205_1.jpg
crazing,0,crazing_crazing_82_1.jpg
crazing,0,crazing_crazing_76_0.jpg
scratches,5,scratches_scratches_288_0.jpg
inclusion,1,inclusion_inclusion_275_3.jpg
crazing,0,crazing_crazing_100_0.jpg
inclusion,1,inclusion_inclusion_165_3.jpg
inclusion,1,inclusion_inclusion_131_1.jpg
inclusion,1,inclusion_inclusion_62_3.jpg
pitted_surface,3,pitted_surface_pitted_surface_289_1.jpg
pitted_surface,3,pitted_surface_pitted_surface_173_3.jpg
patches,2,patches_patches_247_3.jpg
scratches,5,scratches_scratches_21_2.jpg
rolled-in_scale,4,rolled-in_scale_rolled-in_scale_6_3.jpg
pitted_surface,3,pitted_surface_pitted_surface_207_3.jpg
patches,2,patches_patches_189_2.jpg
scratches,5,scratches_scratches_12_3.jpg
patches,2,patches_patches_155_4.jpg
crazing,0,crazing_crazing_285_4.jpg
rolled-in_scale,4,rolled-in_scale_rolled-in_scale_205_0.jpg
rolled-in_scale,4,rolled-in_scale_rolled-in_scale_60_4.jpg
pitted_surface,3,pitted_surface_pitted_surface_78_3.jpg
scratches,5,scratches_scratches_164_4.jpg
scratches,5,scratches_scratches_80_2.jpg
rolled-in_scale,4,rolled-in_scale_rolled-in_scale_290_4.jpg
inclusion,1,inclusion_inclusion_287_4.jpg
rolled-in_scale,4,rolled-in_scale_rolled-in_scale_84_4.jpg
scratches,5,scratches_scratches_181_3.jpg
inclusion,1,inclusion_inclusion_21_0.jpg
patches,2,patches_patches_51_0.jpg
crazing,0,crazing_crazing_137_2.jpg
inclusion,1,inclusion_inclusion_38_4.jpg
rolled-in_scale,4,rolled-in_scale_rolled-in_scale_150_4.jpg
inclusion,1,inclusion_inclusion_173_2.jpg
inclusion,1,inclusion_inclusion_275_0.jpg
scratches,5,scratches_scratches_164_2.jpg
rolled-in_scale,4,rolled-in_scale_rolled-in_scale_250_4.jpg
pitted_surface,3,pitted_surface_pitted_surface_207_0.jpg
crazing,0,crazing_crazing_287_0.jpg
inclusion,1,inclusion_inclusion_217_1.jpg
scratches,5,scratches_scratches_3_4.jpg
scratches,5,scratches_scratches_121_3.jpg
pitted_surface,3,pitted_surface_pitted_surface_134_1.jpg
rolled-in_scale,4,rolled-in_scale_rolled-in_scale_71_2.jpg
rolled-in_scale,4,rolled-in_scale_rolled-in_scale_108_4.jpg
scratches,5,scratches_scratches_217_4.jpg
rolled-in_scale,4,rolled-in_scale_rolled-in_scale_52_2.jpg
rolled-in_scale,4,rolled-in_scale_rolled-in_scale_173_2.jpg
patches,2,patches_patches_278_1.jpg
pitted_surface,3,pitted_surface_pitted_surface_120_4.jpg
scratches,5,scratches_scratches_292_2.jpg
pitted_surface,3,pitted_surface_pitted_surface_53_2.jpg
rolled-in_scale,4,rolled-in_scale_rolled-in_scale_102_3.jpg
rolled-in_scale,4,rolled-in_scale_rolled-in_scale_126_1.jpg
scratches,5,scratches_scratches_108_0.jpg
pitted_surface,3,pitted_surface_pitted_surface_108_1.jpg
inclusion,1,inclusion_inclusion_164_3.jpg
inclusion,1,inclusion_inclusion_87_1.jpg
pitted_surface,3,pitted_surface_pitted_surface_220_1.jpg
scratches,5,scratches_scratches_278_4.jpg
patches,2,patches_patches_87_4.jpg
rolled-in_scale,4,rolled-in_scale_rolled-in_scale_117_3.jpg
scratches,5,scratches_scratches_185_2.jpg
pitted_surface,3,pitted_surface_pitted_surface_235_4.jpg
pitted_surface,3,pitted_surface_pitted_surface_198_0.jpg
rolled-in_scale,4,rolled-in_scale_rolled-in_scale_275_2.jpg
scratches,5,scratches_scratches_106_2.jpg
crazing,0,crazing_crazing_131_2.jpg
pitted_surface,3,pitted_surface_pitted_surface_94_3.jpg
scratches,5,scratches_scratches_157_2.jpg
scratches,5,scratches_scratches_252_1.jpg
rolled-in_scale,4,rolled-in_scale_rolled-in_scale_234_4.jpg
patches,2,patches_patches_292_2.jpg
pitted_surface,3,pitted_surface_pitted_surface_62_2.jpg
crazing,0,crazing_crazing_238_4.jpg
crazing,0,crazing_crazing_30_4.jpg
rolled-in_scale,4,rolled-in_scale_rolled-in_scale_41_2.jpg
pitted_surface,3,pitted_surface_pitted_surface_225_2.jpg
crazing,0,crazing_crazing_71_1.jpg
rolled-in_scale,4,rolled-in_scale_rolled-in_scale_101_3.jpg
scratches,5,scratches_scratches_94_0.jpg
pitted_surface,3,pitted_surface_pitted_surface_240_2.jpg
inclusion,1,inclusion_inclusion_94_0.jpg
crazing,0,crazing_crazing_162_4.jpg
scratches,5,scratches_scratches_109_1.jpg
crazing,0,crazing_crazing_132_0.jpg
rolled-in_scale,4,rolled-in_scale_rolled-in_scale_258_3.jpg
scratches,5,scratches_scratches_185_0.jpg
patches,2,patches_patches_17_0.jpg
rolled-in_scale,4,rolled-in_scale_rolled-in_scale_21_3.jpg
inclusion,1,inclusion_inclusion_275_4.jpg
pitted_surface,3,pitted_surface_pitted_surface_85_2.jpg
rolled-in_scale,4,rolled-in_scale_rolled-in_scale_300_0.jpg
inclusion,1,inclusion_inclusion_70_2.jpg
pitted_surface,3,pitted_surface_pitted_surface_109_3.jpg
inclusion,1,inclusion_inclusion_283_2.jpg
pitted_surface,3,pitted_surface_pitted_surface_79_0.jpg
scratches,5,scratches_scratches_219_4.jpg
rolled-in_scale,4,rolled-in_scale_rolled-in_scale_115_4.jpg
patches,2,patches_patches_88_4.jpg
rolled-in_scale,4,rolled-in_scale_rolled-in_scale_48_3.jpg
inclusion,1,inclusion_inclusion_143_0.jpg
inclusion,1,inclusion_inclusion_227_0.jpg
pitted_surface,3,pitted_surface_pitted_surface_265_0.jpg
crazing,0,crazing_crazing_202_0.jpg
crazing,0,crazing_crazing_16_1.jpg
scratches,5,scratches_scratches_92_1.jpg
patches,2,patches_patches_4_4.jpg
rolled-in_scale,4,rolled-in_scale_rolled-in_scale_256_4.jpg
scratches,5,scratches_scratches_61_3.jpg
inclusion,1,inclusion_inclusion_228_2.jpg
pitted_surface,3,pitted_surface_pitted_surface_76_3.jpg
crazing,0,crazing_crazing_158_2.jpg
scratches,5,scratches_scratches_281_0.jpg
rolled-in_scale,4,rolled-in_scale_rolled-in_scale_35_2.jpg
scratches,5,scratches_scratches_92_4.jpg
inclusion,1,inclusion_inclusion_143_2.jpg
rolled-in_scale,4,rolled-in_scale_rolled-in_scale_24_3.jpg
inclusion,1,inclusion_inclusion_66_0.jpg
crazing,0,crazing_crazing_229_1.jpg
rolled-in_scale,4,rolled-in_scale_rolled-in_scale_278_1.jpg
inclusion,1,inclusion_inclusion_52_3.jpg
crazing,0,crazing_crazing_176_3.jpg
crazing,0,crazing_crazing_172_4.jpg
scratches,5,scratches_scratches_261_3.jpg
pitted_surface,3,pitted_surface_pitted_surface_276_2.jpg
rolled-in_scale,4,rolled-in_scale_rolled-in_scale_86_4.jpg
crazing,0,crazing_crazing_97_1.jpg
crazing,0,crazing_crazing_100_2.jpg
patches,2,patches_patches_14_4.jpg
rolled-in_scale,4,rolled-in_scale_rolled-in_scale_254_3.jpg
rolled-in_scale,4,rolled-in_scale_rolled-in_scale_201_2.jpg
rolled-in_scale,4,rolled-in_scale_rolled-in_scale_263_1.jpg
patches,2,patches_patches_203_2.jpg
rolled-in_scale,4,rolled-in_scale_rolled-in_scale_76_2.jpg
scratches,5,scratches_scratches_135_0.jpg
rolled-in_scale,4,rolled-in_scale_rolled-in_scale_138_4.jpg
pitted_surface,3,pitted_surface_pitted_surface_226_4.jpg
crazing,0,crazing_crazing_71_4.jpg
rolled-in_scale,4,rolled-in_scale_rolled-in_scale_24_2.jpg
crazing,0,crazing_crazing_125_3.jpg
rolled-in_scale,4,rolled-in_scale_rolled-in_scale_264_2.jpg
rolled-in_scale,4,rolled-in_scale_rolled-in_scale_7_4.jpg
crazing,0,crazing_crazing_21_0.jpg
inclusion,1,inclusion_inclusion_253_4.jpg
scratches,5,scratches_scratches_26_4.jpg
patches,2,patches_patches_137_0.jpg
scratches,5,scratches_scratches_195_1.jpg
scratches,5,scratches_scratches_137_4.jpg
pitted_surface,3,pitted_surface_pitted_surface_165_1.jpg
patches,2,patches_patches_249_4.jpg
crazing,0,crazing_crazing_279_4.jpg
rolled-in_scale,4,rolled-in_scale_rolled-in_scale_221_3.jpg
patches,2,patches_patches_150_3.jpg
crazing,0,crazing_crazing_9_3.jpg
scratches,5,scratches_scratches_140_0.jpg
patches,2,patches_patches_191_4.jpg
pitted_surface,3,pitted_surface_pitted_surface_104_3.jpg
pitted_surface,3,pitted_surface_pitted_surface_241_1.jpg
inclusion,1,inclusion_inclusion_266_4.jpg
crazing,0,crazing_crazing_279_2.jpg
rolled-in_scale,4,rolled-in_scale_rolled-in_scale_203_2.jpg
rolled-in_scale,4,rolled-in_scale_rolled-in_scale_285_2.jpg
inclusion,1,inclusion_inclusion_292_1.jpg
inclusion,1,inclusion_inclusion_103_1.jpg
rolled-in_scale,4,rolled-in_scale_rolled-in_scale_227_0.jpg
scratches,5,scratches_scratches_232_1.jpg
rolled-in_scale,4,rolled-in_scale_rolled-in_scale_239_4.jpg
patches,2,patches_patches_237_4.jpg
crazing,0,crazing_crazing_298_1.jpg
patches,2,patches_patches_284_3.jpg
rolled-in_scale,4,rolled-in_scale_rolled-in_scale_77_4.jpg
inclusion,1,inclusion_inclusion_23_2.jpg
scratches,5,scratches_scratches_208_0.jpg
crazing,0,crazing_crazing_245_0.jpg
scratches,5,scratches_scratches_15_1.jpg
inclusion,1,inclusion_inclusion_140_2.jpg
rolled-in_scale,4,rolled-in_scale_rolled-in_scale_175_3.jpg
rolled-in_scale,4,rolled-in_scale_rolled-in_scale_153_0.jpg
scratches,5,scratches_scratches_95_4.jpg
crazing,0,crazing_crazing_216_1.jpg
patches,2,patches_patches_85_1.jpg
patches,2,patches_patches_47_4.jpg
scratches,5,scratches_scratches_221_0.jpg
scratches,5,scratches_scratches_281_1.jpg
scratches,5,scratches_scratches_131_4.jpg
patches,2,patches_patches_216_1.jpg
rolled-in_scale,4,rolled-in_scale_rolled-in_scale_257_0.jpg
pitted_surface,3,pitted_surface_pitted_surface_289_3.jpg
patches,2,patches_patches_147_3.jpg
rolled-in_scale,4,rolled-in_scale_rolled-in_scale_82_0.jpg
inclusion,1,inclusion_inclusion_148_4.jpg
scratches,5,scratches_scratches_266_0.jpg
pitted_surface,3,pitted_surface_pitted_surface_142_3.jpg
scratches,5,scratches_scratches_187_3.jpg
crazing,0,crazing_crazing_6_0.jpg
crazing,0,crazing_crazing_220_0.jpg
pitted_surface,3,pitted_surface_pitted_surface_94_0.jpg
crazing,0,crazing_crazing_12_2.jpg
patches,2,patches_patches_200_2.jpg
crazing,0,crazing_crazing_183_3.jpg
rolled-in_scale,4,rolled-in_scale_rolled-in_scale_127_4.jpg
patches,2,patches_patches_261_1.jpg
crazing,0,crazing_crazing_244_1.jpg
rolled-in_scale,4,rolled-in_scale_rolled-in_scale_99_2.jpg
scratches,5,scratches_scratches_208_3.jpg
scratches,5,scratches_scratches_275_4.jpg
patches,2,patches_patches_292_4.jpg
inclusion,1,inclusion_inclusion_21_3.jpg
crazing,0,crazing_crazing_276_3.jpg
rolled-in_scale,4,rolled-in_scale_rolled-in_scale_119_3.jpg
pitted_surface,3,pitted_surface_pitted_surface_298_0.jpg
scratches,5,scratches_scratches_200_2.jpg
inclusion,1,inclusion_inclusion_176_3.jpg
rolled-in_scale,4,rolled-in_scale_rolled-in_scale_181_0.jpg
patches,2,patches_patches_114_1.jpg
scratches,5,scratches_scratches_142_0.jpg
crazing,0,crazing_crazing_37_0.jpg
inclusion,1,inclusion_inclusion_57_3.jpg
scratches,5,scratches_scratches_267_0.jpg
inclusion,1,inclusion_inclusion_43_2.jpg
pitted_surface,3,pitted_surface_pitted_surface_256_3.jpg
inclusion,1,inclusion_inclusion_112_4.jpg
scratches,5,scratches_scratches_156_3.jpg
rolled-in_scale,4,rolled-in_scale_rolled-in_scale_241_1.jpg
pitted_surface,3,pitted_surface_pitted_surface_67_3.jpg
scratches,5,scratches_scratches_287_2.jpg
rolled-in_scale,4,rolled-in_scale_rolled-in_scale_19_0.jpg
crazing,0,crazing_crazing_159_3.jpg
scratches,5,scratches_scratches_9_0.jpg
crazing,0,crazing_crazing_162_3.jpg
rolled-in_scale,4,rolled-in_scale_rolled-in_scale_38_4.jpg
pitted_surface,3,pitted_surface_pitted_surface_134_3.jpg
crazing,0,crazing_crazing_85_3.jpg
scratches,5,scratches_scratches_1_0.jpg
rolled-in_scale,4,rolled-in_scale_rolled-in_scale_5_1.jpg
inclusion,1,inclusion_inclusion_97_4.jpg
patches,2,patches_patches_30_3.jpg
patches,2,patches_patches_63_1.jpg
crazing,0,crazing_crazing_237_2.jpg
rolled-in_scale,4,rolled-in_scale_rolled-in_scale_100_1.jpg
rolled-in_scale,4,rolled-in_scale_rolled-in_scale_78_1.jpg
pitted_surface,3,pitted_surface_pitted_surface_232_2.jpg
patches,2,patches_patches_66_0.jpg
pitted_surface,3,pitted_surface_pitted_surface_171_1.jpg
rolled-in_scale,4,rolled-in_scale_rolled-in_scale_194_3.jpg
pitted_surface,3,pitted_surface_pitted_surface_141_4.jpg
patches,2,patches_patches_31_2.jpg
rolled-in_scale,4,rolled-in_scale_rolled-in_scale_210_1.jpg
rolled-in_scale,4,rolled-in_scale_rolled-in_scale_229_1.jpg
patches,2,patches_patches_158_3.jpg
inclusion,1,inclusion_inclusion_162_1.jpg
scratches,5,scratches_scratches_292_3.jpg
crazing,0,crazing_crazing_240_1.jpg
rolled-in_scale,4,rolled-in_scale_rolled-in_scale_50_0.jpg
pitted_surface,3,pitted_surface_pitted_surface_208_3.jpg
patches,2,patches_patches_125_4.jpg
pitted_surface,3,pitted_surface_pitted_surface_229_2.jpg
inclusion,1,inclusion_inclusion_236_3.jpg
pitted_surface,3,pitted_surface_pitted_surface_262_3.jpg
scratches,5,scratches_scratches_149_1.jpg
patches,2,patches_patches_86_0.jpg
inclusion,1,inclusion_inclusion_289_1.jpg
crazing,0,crazing_crazing_157_2.jpg
crazing,0,crazing_crazing_276_4.jpg
inclusion,1,inclusion_inclusion_184_4.jpg
inclusion,1,inclusion_inclusion_98_0.jpg
patches,2,patches_patches_259_2.jpg
pitted_surface,3,pitted_surface_pitted_surface_167_2.jpg
scratches,5,scratches_scratches_264_4.jpg
inclusion,1,inclusion_inclusion_20_1.jpg
rolled-in_scale,4,rolled-in_scale_rolled-in_scale_149_2.jpg
inclusion,1,inclusion_inclusion_208_4.jpg
pitted_surface,3,pitted_surface_pitted_surface_111_0.jpg
pitted_surface,3,pitted_surface_pitted_surface_244_0.jpg
pitted_surface,3,pitted_surface_pitted_surface_250_1.jpg
inclusion,1,inclusion_inclusion_216_0.jpg
inclusion,1,inclusion_inclusion_81_3.jpg
rolled-in_scale,4,rolled-in_scale_rolled-in_scale_191_4.jpg
pitted_surface,3,pitted_surface_pitted_surface_282_2.jpg
patches,2,patches_patches_180_4.jpg
crazing,0,crazing_crazing_296_0.jpg
scratches,5,scratches_scratches_107_2.jpg
inclusion,1,inclusion_inclusion_28_3.jpg
patches,2,patches_patches_127_0.jpg
crazing,0,crazing_crazing_124_2.jpg
rolled-in_scale,4,rolled-in_scale_rolled-in_scale_189_1.jpg
patches,2,patches_patches_24_1.jpg
crazing,0,crazing_crazing_116_4.jpg
rolled-in_scale,4,rolled-in_scale_rolled-in_scale_192_4.jpg
scratches,5,scratches_scratches_140_4.jpg
crazing,0,crazing_crazing_109_4.jpg
patches,2,patches_patches_97_2.jpg
scratches,5,scratches_scratches_112_0.jpg
crazing,0,crazing_crazing_178_0.jpg
crazing,0,crazing_crazing_129_3.jpg
patches,2,patches_patches_11_4.jpg
rolled-in_scale,4,rolled-in_scale_rolled-in_scale_52_0.jpg
rolled-in_scale,4,rolled-in_scale_rolled-in_scale_163_4.jpg
scratches,5,scratches_scratches_253_1.jpg
rolled-in_scale,4,rolled-in_scale_rolled-in_scale_44_3.jpg
crazing,0,crazing_crazing_137_0.jpg
rolled-in_scale,4,rolled-in_scale_rolled-in_scale_39_0.jpg
rolled-in_scale,4,rolled-in_scale_rolled-in_scale_269_2.jpg
crazing,0,crazing_crazing_238_1.jpg
pitted_surface,3,pitted_surface_pitted_surface_18_2.jpg
scratches,5,scratches_scratches_163_0.jpg
pitted_surface,3,pitted_surface_pitted_surface_34_0.jpg
scratches,5,scratches_scratches_295_4.jpg
pitted_surface,3,pitted_surface_pitted_surface_64_2.jpg
crazing,0,crazing_crazing_64_0.jpg
rolled-in_scale,4,rolled-in_scale_rolled-in_scale_128_2.jpg
patches,2,patches_patches_36_4.jpg
patches,2,patches_patches_18_0.jpg
patches,2,patches_patches_130_4.jpg
rolled-in_scale,4,rolled-in_scale_rolled-in_scale_106_1.jpg
crazing,0,crazing_crazing_84_0.jpg
inclusion,1,inclusion_inclusion_146_1.jpg
crazing,0,crazing_crazing_297_2.jpg
inclusion,1,inclusion_inclusion_1_4.jpg
crazing,0,crazing_crazing_6_1.jpg
patches,2,patches_patches_5_4.jpg
crazing,0,crazing_crazing_78_4.jpg
patches,2,patches_patches_181_2.jpg
patches,2,patches_patches_49_3.jpg
rolled-in_scale,4,rolled-in_scale_rolled-in_scale_266_1.jpg
rolled-in_scale,4,rolled-in_scale_rolled-in_scale_136_1.jpg
patches,2,patches_patches_290_2.jpg
crazing,0,crazing_crazing_46_4.jpg
patches,2,patches_patches_171_2.jpg
inclusion,1,inclusion_inclusion_237_2.jpg
rolled-in_scale,4,rolled-in_scale_rolled-in_scale_124_0.jpg
scratches,5,scratches_scratches_20_3.jpg
pitted_surface,3,pitted_surface_pitted_surface_255_4.jpg
pitted_surface,3,pitted_surface_pitted_surface_112_4.jpg
rolled-in_scale,4,rolled-in_scale_rolled-in_scale_128_1.jpg
crazing,0,crazing_crazing_102_3.jpg
crazing,0,crazing_crazing_278_0.jpg
crazing,0,crazing_crazing_143_2.jpg
rolled-in_scale,4,rolled-in_scale_rolled-in_scale_61_3.jpg
pitted_surface,3,pitted_surface_pitted_surface_206_1.jpg
inclusion,1,inclusion_inclusion_171_4.jpg
patches,2,patches_patches_176_2.jpg
pitted_surface,3,pitted_surface_pitted_surface_246_1.jpg
pitted_surface,3,pitted_surface_pitted_surface_138_3.jpg
rolled-in_scale,4,rolled-in_scale_rolled-in_scale_25_1.jpg
patches,2,patches_patches_151_3.jpg
rolled-in_scale,4,rolled-in_scale_rolled-in_scale_182_2.jpg
inclusion,1,inclusion_inclusion_25_0.jpg
rolled-in_scale,4,rolled-in_scale_rolled-in_scale_102_2.jpg
rolled-in_scale,4,rolled-in_scale_rolled-in_scale_71_4.jpg
pitted_surface,3,pitted_surface_pitted_surface_89_3.jpg
scratches,5,scratches_scratches_80_4.jpg
patches,2,patches_patches_202_1.jpg
inclusion,1,inclusion_inclusion_235_1.jpg
rolled-in_scale,4,rolled-in_scale_rolled-in_scale_37_1.jpg
pitted_surface,3,pitted_surface_pitted_surface_155_1.jpg
scratches,5,scratches_scratches_181_4.jpg
patches,2,patches_patches_297_4.jpg
inclusion,1,inclusion_inclusion_162_3.jpg
scratches,5,scratches_scratches_75_1.jpg
crazing,0,crazing_crazing_139_2.jpg
scratches,5,scratches_scratches_74_3.jpg
rolled-in_scale,4,rolled-in_scale_rolled-in_scale_239_3.jpg
scratches,5,scratches_scratches_164_3.jpg
pitted_surface,3,pitted_surface_pitted_surface_300_3.jpg
scratches,5,scratches_scratches_35_2.jpg
patches,2,patches_patches_1_2.jpg
inclusion,1,inclusion_inclusion_250_0.jpg
scratches,5,scratches_scratches_204_4.jpg
scratches,5,scratches_scratches_259_3.jpg
patches,2,patches_patches_241_2.jpg
inclusion,1,inclusion_inclusion_94_1.jpg
rolled-in_scale,4,rolled-in_scale_rolled-in_scale_290_2.jpg
scratches,5,scratches_scratches_94_4.jpg
patches,2,patches_patches_148_1.jpg
crazing,0,crazing_crazing_72_2.jpg
crazing,0,crazing_crazing_259_3.jpg
patches,2,patches_patches_137_2.jpg
crazing,0,crazing_crazing_240_0.jpg
inclusion,1,inclusion_inclusion_62_0.jpg
inclusion,1,inclusion_inclusion_41_0.jpg
pitted_surface,3,pitted_surface_pitted_surface_185_0.jpg
crazing,0,crazing_crazing_11_1.jpg
crazing,0,crazing_crazing_113_4.jpg
rolled-in_scale,4,rolled-in_scale_rolled-in_scale_145_2.jpg
inclusion,1,inclusion_inclusion_286_3.jpg
inclusion,1,inclusion_inclusion_201_3.jpg
inclusion,1,inclusion_inclusion_172_3.jpg
pitted_surface,3,pitted_surface_pitted_surface_283_2.jpg
patches,2,patches_patches_284_1.jpg
patches,2,patches_patches_232_1.jpg
rolled-in_scale,4,rolled-in_scale_rolled-in_scale_152_2.jpg
rolled-in_scale,4,rolled-in_scale_rolled-in_scale_145_4.jpg
patches,2,patches_patches_62_0.jpg
crazing,0,crazing_crazing_250_1.jpg
inclusion,1,inclusion_inclusion_13_3.jpg
rolled-in_scale,4,rolled-in_scale_rolled-in_scale_273_4.jpg
crazing,0,crazing_crazing_34_1.jpg
crazing,0,crazing_crazing_69_0.jpg
pitted_surface,3,pitted_surface_pitted_surface_136_0.jpg
rolled-in_scale,4,rolled-in_scale_rolled-in_scale_177_2.jpg
pitted_surface,3,pitted_surface_pitted_surface_200_3.jpg
crazing,0,crazing_crazing_218_4.jpg
patches,2,patches_patches_130_0.jpg
patches,2,patches_patches_164_3.jpg
inclusion,1,inclusion_inclusion_124_1.jpg
scratches,5,scratches_scratches_86_2.jpg
pitted_surface,3,pitted_surface_pitted_surface_88_3.jpg
pitted_surface,3,pitted_surface_pitted_surface_147_2.jpg
scratches,5,scratches_scratches_268_1.jpg
pitted_surface,3,pitted_surface_pitted_surface_58_0.jpg
inclusion,1,inclusion_inclusion_38_2.jpg
rolled-in_scale,4,rolled-in_scale_rolled-in_scale_22_2.jpg
rolled-in_scale,4,rolled-in_scale_rolled-in_scale_299_2.jpg
inclusion,1,inclusion_inclusion_174_1.jpg
patches,2,patches_patches_172_3.jpg
rolled-in_scale,4,rolled-in_scale_rolled-in_scale_193_3.jpg
scratches,5,scratches_scratches_135_2.jpg
inclusion,1,inclusion_inclusion_41_3.jpg
inclusion,1,inclusion_inclusion_181_1.jpg
crazing,0,crazing_crazing_166_1.jpg
crazing,0,crazing_crazing_78_2.jpg
inclusion,1,inclusion_inclusion_118_3.jpg
crazing,0,crazing_crazing_113_1.jpg
pitted_surface,3,pitted_surface_pitted_surface_51_2.jpg
rolled-in_scale,4,rolled-in_scale_rolled-in_scale_270_2.jpg
rolled-in_scale,4,rolled-in_scale_rolled-in_scale_207_1.jpg
crazing,0,crazing_crazing_223_4.jpg
crazing,0,crazing_crazing_175_4.jpg
rolled-in_scale,4,rolled-in_scale_rolled-in_scale_101_1.jpg
rolled-in_scale,4,rolled-in_scale_rolled-in_scale_235_2.jpg
inclusion,1,inclusion_inclusion_242_2.jpg
rolled-in_scale,4,rolled-in_scale_rolled-in_scale_295_4.jpg
rolled-in_scale,4,rolled-in_scale_rolled-in_scale_159_1.jpg
inclusion,1,inclusion_inclusion_205_4.jpg
inclusion,1,inclusion_inclusion_241_0.jpg
rolled-in_scale,4,rolled-in_scale_rolled-in_scale_32_1.jpg
scratches,5,scratches_scratches_188_2.jpg
patches,2,patches_patches_228_0.jpg
inclusion,1,inclusion_inclusion_190_2.jpg
scratches,5,scratches_scratches_295_1.jpg
rolled-in_scale,4,rolled-in_scale_rolled-in_scale_54_4.jpg
scratches,5,scratches_scratches_261_0.jpg
rolled-in_scale,4,rolled-in_scale_rolled-in_scale_196_1.jpg
scratches,5,scratches_scratches_73_3.jpg
crazing,0,crazing_crazing_136_3.jpg
pitted_surface,3,pitted_surface_pitted_surface_182_2.jpg
scratches,5,scratches_scratches_214_1.jpg
rolled-in_scale,4,rolled-in_scale_rolled-in_scale_202_1.jpg
scratches,5,scratches_scratches_244_2.jpg
scratches,5,scratches_scratches_24_0.jpg
crazing,0,crazing_crazing_173_1.jpg
inclusion,1,inclusion_inclusion_185_0.jpg
patches,2,patches_patches_271_2.jpg
inclusion,1,inclusion_inclusion_227_4.jpg
rolled-in_scale,4,rolled-in_scale_rolled-in_scale_93_1.jpg
inclusion,1,inclusion_inclusion_159_1.jpg
scratches,5,scratches_scratches_7_4.jpg
pitted_surface,3,pitted_surface_pitted_surface_252_0.jpg
pitted_surface,3,pitted_surface_pitted_surface_276_1.jpg
rolled-in_scale,4,rolled-in_scale_rolled-in_scale_192_1.jpg
rolled-in_scale,4,rolled-in_scale_rolled-in_scale_55_1.jpg
patches,2,patches_patches_81_3.jpg
inclusion,1,inclusion_inclusion_79_3.jpg
pitted_surface,3,pitted_surface_pitted_surface_184_3.jpg
crazing,0,crazing_crazing_96_1.jpg
crazing,0,crazing_crazing_1_2.jpg
scratches,5,scratches_scratches_56_2.jpg
patches,2,patches_patches_294_4.jpg
scratches,5,scratches_scratches_251_4.jpg
pitted_surface,3,pitted_surface_pitted_surface_281_0.jpg
pitted_surface,3,pitted_surface_pitted_surface_196_0.jpg
scratches,5,scratches_scratches_272_2.jpg
scratches,5,scratches_scratches_32_3.jpg
patches,2,patches_patches_224_3.jpg
rolled-in_scale,4,rolled-in_scale_rolled-in_scale_125_2.jpg
crazing,0,crazing_crazing_227_2.jpg
pitted_surface,3,pitted_surface_pitted_surface_45_2.jpg
patches,2,patches_patches_90_2.jpg
patches,2,patches_patches_97_4.jpg
patches,2,patches_patches_148_4.jpg
patches,2,patches_patches_205_0.jpg
patches,2,patches_patches_28_2.jpg
scratches,5,scratches_scratches_255_0.jpg
pitted_surface,3,pitted_surface_pitted_surface_15_2.jpg
rolled-in_scale,4,rolled-in_scale_rolled-in_scale_208_1.jpg
inclusion,1,inclusion_inclusion_295_0.jpg
pitted_surface,3,pitted_surface_pitted_surface_249_3.jpg
pitted_surface,3,pitted_surface_pitted_surface_63_0.jpg
pitted_surface,3,pitted_surface_pitted_surface_165_4.jpg
patches,2,patches_patches_17_2.jpg
patches,2,patches_patches_126_1.jpg
inclusion,1,inclusion_inclusion_260_0.jpg
rolled-in_scale,4,rolled-in_scale_rolled-in_scale_293_0.jpg
patches,2,patches_patches_142_3.jpg
scratches,5,scratches_scratches_241_3.jpg
patches,2,patches_patches_39_0.jpg
pitted_surface,3,pitted_surface_pitted_surface_161_0.jpg
rolled-in_scale,4,rolled-in_scale_rolled-in_scale_61_0.jpg
inclusion,1,inclusion_inclusion_31_2.jpg
rolled-in_scale,4,rolled-in_scale_rolled-in_scale_214_1.jpg
crazing,0,crazing_crazing_118_0.jpg
scratches,5,scratches_scratches_293_2.jpg
scratches,5,scratches_scratches_45_1.jpg
pitted_surface,3,pitted_surface_pitted_surface_5_2.jpg
crazing,0,crazing_crazing_145_4.jpg
crazing,0,crazing_crazing_119_3.jpg
pitted_surface,3,pitted_surface_pitted_surface_158_3.jpg
inclusion,1,inclusion_inclusion_40_0.jpg
scratches,5,scratches_scratches_232_3.jpg
pitted_surface,3,pitted_surface_pitted_surface_75_3.jpg
rolled-in_scale,4,rolled-in_scale_rolled-in_scale_23_1.jpg
rolled-in_scale,4,rolled-in_scale_rolled-in_scale_200_1.jpg
inclusion,1,inclusion_inclusion_284_4.jpg
patches,2,patches_patches_35_1.jpg
patches,2,patches_patches_158_1.jpg
pitted_surface,3,pitted_surface_pitted_surface_130_2.jpg
pitted_surface,3,pitted_surface_pitted_surface_277_2.jpg
scratches,5,scratches_scratches_217_3.jpg
crazing,0,crazing_crazing_109_3.jpg
scratches,5,scratches_scratches_50_1.jpg
pitted_surface,3,pitted_surface_pitted_surface_162_4.jpg
crazing,0,crazing_crazing_213_1.jpg
patches,2,patches_patches_99_3.jpg
inclusion,1,inclusion_inclusion_107_0.jpg
pitted_surface,3,pitted_surface_pitted_surface_193_0.jpg
crazing,0,crazing_crazing_6_4.jpg
crazing,0,crazing_crazing_93_0.jpg
patches,2,patches_patches_136_3.jpg
inclusion,1,inclusion_inclusion_7_0.jpg
pitted_surface,3,pitted_surface_pitted_surface_281_2.jpg
inclusion,1,inclusion_inclusion_299_1.jpg
crazing,0,crazing_crazing_89_1.jpg
inclusion,1,inclusion_inclusion_168_1.jpg
inclusion,1,inclusion_inclusion_17_0.jpg
crazing,0,crazing_crazing_189_0.jpg
scratches,5,scratches_scratches_82_0.jpg
patches,2,patches_patches_235_2.jpg
pitted_surface,3,pitted_surface_pitted_surface_50_4.jpg
crazing,0,crazing_crazing_16_3.jpg
pitted_surface,3,pitted_surface_pitted_surface_148_3.jpg
crazing,0,crazing_crazing_63_2.jpg
crazing,0,crazing_crazing_117_2.jpg
pitted_surface,3,pitted_surface_pitted_surface_52_2.jpg
scratches,5,scratches_scratches_125_2.jpg
pitted_surface,3,pitted_surface_pitted_surface_199_0.jpg
scratches,5,scratches_scratches_251_0.jpg
patches,2,patches_patches_200_3.jpg
scratches,5,scratches_scratches_174_0.jpg
rolled-in_scale,4,rolled-in_scale_rolled-in_scale_146_0.jpg
inclusion,1,inclusion_inclusion_40_4.jpg
inclusion,1,inclusion_inclusion_218_2.jpg
scratches,5,scratches_scratches_197_3.jpg
patches,2,patches_patches_199_0.jpg
scratches,5,scratches_scratches_200_0.jpg
scratches,5,scratches_scratches_236_4.jpg
scratches,5,scratches_scratches_41_0.jpg
pitted_surface,3,pitted_surface_pitted_surface_98_4.jpg
patches,2,patches_patches_123_2.jpg
inclusion,1,inclusion_inclusion_33_0.jpg
inclusion,1,inclusion_inclusion_266_0.jpg
inclusion,1,inclusion_inclusion_152_0.jpg
crazing,0,crazing_crazing_13_1.jpg
crazing,0,crazing_crazing_81_0.jpg
patches,2,patches_patches_234_3.jpg
patches,2,patches_patches_254_1.jpg
rolled-in_scale,4,rolled-in_scale_rolled-in_scale_25_0.jpg
rolled-in_scale,4,rolled-in_scale_rolled-in_scale_195_3.jpg
scratches,5,scratches_scratches_176_0.jpg
inclusion,1,inclusion_inclusion_14_1.jpg
rolled-in_scale,4,rolled-in_scale_rolled-in_scale_83_1.jpg
patches,2,patches_patches_196_3.jpg
scratches,5,scratches_scratches_250_3.jpg
scratches,5,scratches_scratches_299_3.jpg
patches,2,patches_patches_207_2.jpg
crazing,0,crazing_crazing_39_2.jpg
rolled-in_scale,4,rolled-in_scale_rolled-in_scale_164_4.jpg
pitted_surface,3,pitted_surface_pitted_surface_233_1.jpg
rolled-in_scale,4,rolled-in_scale_rolled-in_scale_122_4.jpg
patches,2,patches_patches_251_3.jpg
patches,2,patches_patches_82_1.jpg
inclusion,1,inclusion_inclusion_155_3.jpg
patches,2,patches_patches_293_1.jpg
patches,2,patches_patches_218_4.jpg
rolled-in_scale,4,rolled-in_scale_rolled-in_scale_251_0.jpg
patches,2,patches_patches_295_2.jpg
scratches,5,scratches_scratches_68_3.jpg
crazing,0,crazing_crazing_172_3.jpg
crazing,0,crazing_crazing_148_1.jpg
pitted_surface,3,pitted_surface_pitted_surface_145_2.jpg
scratches,5,scratches_scratches_134_2.jpg
scratches,5,scratches_scratches_45_3.jpg
inclusion,1,inclusion_inclusion_76_0.jpg
pitted_surface,3,pitted_surface_pitted_surface_206_3.jpg
patches,2,patches_patches_116_0.jpg
crazing,0,crazing_crazing_195_2.jpg
scratches,5,scratches_scratches_30_4.jpg
scratches,5,scratches_scratches_78_4.jpg
scratches,5,scratches_scratches_209_1.jpg
patches,2,patches_patches_288_0.jpg
scratches,5,scratches_scratches_179_0.jpg
pitted_surface,3,pitted_surface_pitted_surface_98_1.jpg
patches,2,patches_patches_222_0.jpg
pitted_surface,3,pitted_surface_pitted_surface_250_0.jpg
scratches,5,scratches_scratches_197_2.jpg
pitted_surface,3,pitted_surface_pitted_surface_66_3.jpg
crazing,0,crazing_crazing_115_4.jpg
crazing,0,crazing_crazing_39_1.jpg
crazing,0,crazing_crazing_216_4.jpg
rolled-in_scale,4,rolled-in_scale_rolled-in_scale_221_0.jpg
pitted_surface,3,pitted_surface_pitted_surface_200_0.jpg
patches,2,patches_patches_286_0.jpg
rolled-in_scale,4,rolled-in_scale_rolled-in_scale_183_0.jpg
rolled-in_scale,4,rolled-in_scale_rolled-in_scale_108_0.jpg
crazing,0,crazing_crazing_23_2.jpg
patches,2,patches_patches_173_4.jpg
inclusion,1,inclusion_inclusion_279_3.jpg
scratches,5,scratches_scratches_171_0.jpg
patches,2,patches_patches_58_0.jpg
crazing,0,crazing_crazing_81_2.jpg
scratches,5,scratches_scratches_227_0.jpg
crazing,0,crazing_crazing_300_1.jpg
pitted_surface,3,pitted_surface_pitted_surface_159_4.jpg
patches,2,patches_patches_65_3.jpg
pitted_surface,3,pitted_surface_pitted_surface_91_2.jpg
crazing,0,crazing_crazing_68_2.jpg
rolled-in_scale,4,rolled-in_scale_rolled-in_scale_238_3.jpg
pitted_surface,3,pitted_surface_pitted_surface_56_3.jpg
pitted_surface,3,pitted_surface_pitted_surface_128_4.jpg
inclusion,1,inclusion_inclusion_88_1.jpg
patches,2,patches_patches_115_1.jpg
inclusion,1,inclusion_inclusion_122_0.jpg
scratches,5,scratches_scratches_122_1.jpg
inclusion,1,inclusion_inclusion_276_0.jpg
patches,2,patches_patches_204_1.jpg
rolled-in_scale,4,rolled-in_scale_rolled-in_scale_207_3.jpg
scratches,5,scratches_scratches_227_1.jpg
rolled-in_scale,4,rolled-in_scale_rolled-in_scale_278_2.jpg
scratches,5,scratches_scratches_222_0.jpg
rolled-in_scale,4,rolled-in_scale_rolled-in_scale_230_3.jpg
inclusion,1,inclusion_inclusion_45_4.jpg
crazing,0,crazing_crazing_175_2.jpg
crazing,0,crazing_crazing_232_3.jpg
scratches,5,scratches_scratches_264_0.jpg
patches,2,patches_patches_260_1.jpg
crazing,0,crazing_crazing_177_3.jpg
crazing,0,crazing_crazing_70_1.jpg
pitted_surface,3,pitted_surface_pitted_surface_44_2.jpg
pitted_surface,3,pitted_surface_pitted_surface_250_2.jpg
inclusion,1,inclusion_inclusion_217_4.jpg
inclusion,1,inclusion_inclusion_104_1.jpg
pitted_surface,3,pitted_surface_pitted_surface_153_0.jpg
rolled-in_scale,4,rolled-in_scale_rolled-in_scale_284_2.jpg
scratches,5,scratches_scratches_117_2.jpg
inclusion,1,inclusion_inclusion_300_4.jpg
patches,2,patches_patches_13_4.jpg
patches,2,patches_patches_116_2.jpg
inclusion,1,inclusion_inclusion_125_1.jpg
scratches,5,scratches_scratches_16_4.jpg
scratches,5,scratches_scratches_196_2.jpg
inclusion,1,inclusion_inclusion_157_4.jpg
crazing,0,crazing_crazing_99_3.jpg
scratches,5,scratches_scratches_176_3.jpg
rolled-in_scale,4,rolled-in_scale_rolled-in_scale_97_2.jpg
pitted_surface,3,pitted_surface_pitted_surface_22_1.jpg
patches,2,patches_patches_259_1.jpg
rolled-in_scale,4,rolled-in_scale_rolled-in_scale_163_1.jpg
patches,2,patches_patches_168_4.jpg
rolled-in_scale,4,rolled-in_scale_rolled-in_scale_58_2.jpg
inclusion,1,inclusion_inclusion_260_2.jpg
inclusion,1,inclusion_inclusion_101_0.jpg
patches,2,patches_patches_156_3.jpg
crazing,0,crazing_crazing_150_2.jpg
inclusion,1,inclusion_inclusion_124_3.jpg
inclusion,1,inclusion_inclusion_96_0.jpg
scratches,5,scratches_scratches_266_2.jpg
pitted_surface,3,pitted_surface_pitted_surface_14_3.jpg
patches,2,patches_patches_101_1.jpg
pitted_surface,3,pitted_surface_pitted_surface_100_3.jpg
scratches,5,scratches_scratches_133_3.jpg
pitted_surface,3,pitted_surface_pitted_surface_296_2.jpg
pitted_surface,3,pitted_surface_pitted_surface_121_0.jpg
rolled-in_scale,4,rolled-in_scale_rolled-in_scale_289_2.jpg
rolled-in_scale,4,rolled-in_scale_rolled-in_scale_115_2.jpg
patches,2,patches_patches_208_1.jpg
patches,2,patches_patches_94_4.jpg
patches,2,patches_patches_151_0.jpg
patches,2,patches_patches_152_1.jpg
patches,2,patches_patches_153_1.jpg
crazing,0,crazing_crazing_65_1.jpg
scratches,5,scratches_scratches_140_2.jpg
inclusion,1,inclusion_inclusion_267_0.jpg
crazing,0,crazing_crazing_210_4.jpg
patches,2,patches_patches_55_1.jpg
inclusion,1,inclusion_inclusion_24_3.jpg
rolled-in_scale,4,rolled-in_scale_rolled-in_scale_213_2.jpg
rolled-in_scale,4,rolled-in_scale_rolled-in_scale_111_3.jpg
inclusion,1,inclusion_inclusion_36_1.jpg
crazing,0,crazing_crazing_255_4.jpg
scratches,5,scratches_scratches_115_2.jpg
rolled-in_scale,4,rolled-in_scale_rolled-in_scale_39_1.jpg
pitted_surface,3,pitted_surface_pitted_surface_197_4.jpg
scratches,5,scratches_scratches_124_0.jpg
scratches,5,scratches_scratches_299_4.jpg
inclusion,1,inclusion_inclusion_229_1.jpg
rolled-in_scale,4,rolled-in_scale_rolled-in_scale_36_0.jpg
inclusion,1,inclusion_inclusion_49_1.jpg
pitted_surface,3,pitted_surface_pitted_surface_288_3.jpg
pitted_surface,3,pitted_surface_pitted_surface_92_1.jpg
inclusion,1,inclusion_inclusion_256_4.jpg
scratches,5,scratches_scratches_233_0.jpg
inclusion,1,inclusion_inclusion_146_3.jpg
scratches,5,scratches_scratches_226_4.jpg
patches,2,patches_patches_216_3.jpg
patches,2,patches_patches_156_0.jpg
rolled-in_scale,4,rolled-in_scale_rolled-in_scale_103_3.jpg
inclusion,1,inclusion_inclusion_141_4.jpg
inclusion,1,inclusion_inclusion_210_0.jpg
scratches,5,scratches_scratches_59_1.jpg
patches,2,patches_patches_121_3.jpg
patches,2,patches_patches_55_4.jpg
patches,2,patches_patches_37_3.jpg
inclusion,1,inclusion_inclusion_49_0.jpg
pitted_surface,3,pitted_surface_pitted_surface_198_4.jpg
rolled-in_scale,4,rolled-in_scale_rolled-in_scale_234_0.jpg
crazing,0,crazing_crazing_59_4.jpg
pitted_surface,3,pitted_surface_pitted_surface_86_0.jpg
inclusion,1,inclusion_inclusion_203_0.jpg
scratches,5,scratches_scratches_124_1.jpg
inclusion,1,inclusion_inclusion_266_1.jpg
patches,2,patches_patches_300_4.jpg
scratches,5,scratches_scratches_72_2.jpg
crazing,0,crazing_crazing_178_1.jpg
inclusion,1,inclusion_inclusion_177_1.jpg
pitted_surface,3,pitted_surface_pitted_surface_211_0.jpg
scratches,5,scratches_scratches_8_3.jpg
inclusion,1,inclusion_inclusion_278_1.jpg
scratches,5,scratches_scratches_93_3.jpg
patches,2,patches_patches_82_4.jpg
pitted_surface,3,pitted_surface_pitted_surface_275_2.jpg
scratches,5,scratches_scratches_161_4.jpg
pitted_surface,3,pitted_surface_pitted_surface_5_4.jpg
scratches,5,scratches_scratches_264_2.jpg
pitted_surface,3,pitted_surface_pitted_surface_300_4.jpg
rolled-in_scale,4,rolled-in_scale_rolled-in_scale_91_3.jpg
crazing,0,crazing_crazing_27_1.jpg
inclusion,1,inclusion_inclusion_122_3.jpg
pitted_surface,3,pitted_surface_pitted_surface_76_1.jpg
patches,2,patches_patches_104_2.jpg
scratches,5,scratches_scratches_190_2.jpg
inclusion,1,inclusion_inclusion_194_3.jpg
crazing,0,crazing_crazing_44_1.jpg
scratches,5,scratches_scratches_258_2.jpg
inclusion,1,inclusion_inclusion_37_0.jpg
pitted_surface,3,pitted_surface_pitted_surface_154_3.jpg
scratches,5,scratches_scratches_11_4.jpg
crazing,0,crazing_crazing_7_1.jpg
crazing,0,crazing_crazing_222_3.jpg
pitted_surface,3,pitted_surface_pitted_surface_191_1.jpg
pitted_surface,3,pitted_surface_pitted_surface_61_0.jpg
crazing,0,crazing_crazing_200_3.jpg
pitted_surface,3,pitted_surface_pitted_surface_140_1.jpg
crazing,0,crazing_crazing_262_0.jpg
crazing,0,crazing_crazing_122_3.jpg
rolled-in_scale,4,rolled-in_scale_rolled-in_scale_219_4.jpg
pitted_surface,3,pitted_surface_pitted_surface_187_3.jpg
pitted_surface,3,pitted_surface_pitted_surface_284_2.jpg
crazing,0,crazing_crazing_230_2.jpg
rolled-in_scale,4,rolled-in_scale_rolled-in_scale_292_4.jpg
patches,2,patches_patches_24_4.jpg
pitted_surface,3,pitted_surface_pitted_surface_103_4.jpg
inclusion,1,inclusion_inclusion_174_3.jpg
patches,2,patches_patches_34_2.jpg
rolled-in_scale,4,rolled-in_scale_rolled-in_scale_264_0.jpg
crazing,0,crazing_crazing_195_0.jpg
rolled-in_scale,4,rolled-in_scale_rolled-in_scale_217_4.jpg
scratches,5,scratches_scratches_23_3.jpg
inclusion,1,inclusion_inclusion_258_1.jpg
pitted_surface,3,pitted_surface_pitted_surface_279_4.jpg
patches,2,patches_patches_270_2.jpg
patches,2,patches_patches_176_4.jpg
rolled-in_scale,4,rolled-in_scale_rolled-in_scale_113_1.jpg
inclusion,1,inclusion_inclusion_4_3.jpg
pitted_surface,3,pitted_surface_pitted_surface_284_1.jpg
pitted_surface,3,pitted_surface_pitted_surface_67_1.jpg
patches,2,patches_patches_235_0.jpg
pitted_surface,3,pitted_surface_pitted_surface_177_1.jpg
rolled-in_scale,4,rolled-in_scale_rolled-in_scale_131_0.jpg
patches,2,patches_patches_160_1.jpg
scratches,5,scratches_scratches_267_2.jpg
scratches,5,scratches_scratches_214_3.jpg
patches,2,patches_patches_264_0.jpg
crazing,0,crazing_crazing_151_0.jpg
crazing,0,crazing_crazing_113_2.jpg
rolled-in_scale,4,rolled-in_scale_rolled-in_scale_73_0.jpg
scratches,5,scratches_scratches_6_2.jpg
scratches,5,scratches_scratches_99_0.jpg
rolled-in_scale,4,rolled-in_scale_rolled-in_scale_63_3.jpg
rolled-in_scale,4,rolled-in_scale_rolled-in_scale_51_4.jpg
inclusion,1,inclusion_inclusion_109_2.jpg
pitted_surface,3,pitted_surface_pitted_surface_277_3.jpg
inclusion,1,inclusion_inclusion_284_2.jpg
patches,2,patches_patches_214_1.jpg
rolled-in_scale,4,rolled-in_scale_rolled-in_scale_110_4.jpg
patches,2,patches_patches_294_3.jpg
crazing,0,crazing_crazing_83_2.jpg
rolled-in_scale,4,rolled-in_scale_rolled-in_scale_207_2.jpg
rolled-in_scale,4,rolled-in_scale_rolled-in_scale_242_2.jpg
patches,2,patches_patches_12_1.jpg
pitted_surface,3,pitted_surface_pitted_surface_258_1.jpg
scratches,5,scratches_scratches_286_2.jpg
patches,2,patches_patches_61_4.jpg
inclusion,1,inclusion_inclusion_225_1.jpg
rolled-in_scale,4,rolled-in_scale_rolled-in_scale_210_3.jpg
pitted_surface,3,pitted_surface_pitted_surface_7_4.jpg
inclusion,1,inclusion_inclusion_268_2.jpg
inclusion,1,inclusion_inclusion_91_2.jpg
inclusion,1,inclusion_inclusion_25_4.jpg
scratches,5,scratches_scratches_166_4.jpg
rolled-in_scale,4,rolled-in_scale_rolled-in_scale_255_1.jpg
scratches,5,scratches_scratches_159_0.jpg
inclusion,1,inclusion_inclusion_21_1.jpg
scratches,5,scratches_scratches_95_0.jpg
crazing,0,crazing_crazing_283_2.jpg
patches,2,patches_patches_273_1.jpg
scratches,5,scratches_scratches_269_4.jpg
pitted_surface,3,pitted_surface_pitted_surface_122_2.jpg
pitted_surface,3,pitted_surface_pitted_surface_218_1.jpg
rolled-in_scale,4,rolled-in_scale_rolled-in_scale_185_0.jpg
scratches,5,scratches_scratches_134_1.jpg
rolled-in_scale,4,rolled-in_scale_rolled-in_scale_189_2.jpg
inclusion,1,inclusion_inclusion_195_3.jpg
inclusion,1,inclusion_inclusion_27_0.jpg
inclusion,1,inclusion_inclusion_145_0.jpg
scratches,5,scratches_scratches_42_3.jpg
patches,2,patches_patches_287_2.jpg
scratches,5,scratches_scratches_239_3.jpg
patches,2,patches_patches_262_2.jpg
pitted_surface,3,pitted_surface_pitted_surface_97_1.jpg
inclusion,1,inclusion_inclusion_35_0.jpg
pitted_surface,3,pitted_surface_pitted_surface_192_2.jpg
patches,2,patches_patches_268_4.jpg
rolled-in_scale,4,rolled-in_scale_rolled-in_scale_232_0.jpg
rolled-in_scale,4,rolled-in_scale_rolled-in_scale_266_2.jpg
patches,2,patches_patches_210_4.jpg
scratches,5,scratches_scratches_109_3.jpg
rolled-in_scale,4,rolled-in_scale_rolled-in_scale_67_3.jpg
inclusion,1,inclusion_inclusion_197_1.jpg
patches,2,patches_patches_70_2.jpg
rolled-in_scale,4,rolled-in_scale_rolled-in_scale_130_0.jpg
pitted_surface,3,pitted_surface_pitted_surface_72_3.jpg
inclusion,1,inclusion_inclusion_147_1.jpg
pitted_surface,3,pitted_surface_pitted_surface_109_4.jpg
pitted_surface,3,pitted_surface_pitted_surface_232_0.jpg
patches,2,patches_patches_158_0.jpg
inclusion,1,inclusion_inclusion_30_3.jpg
rolled-in_scale,4,rolled-in_scale_rolled-in_scale_253_3.jpg
rolled-in_scale,4,rolled-in_scale_rolled-in_scale_87_0.jpg
rolled-in_scale,4,rolled-in_scale_rolled-in_scale_104_1.jpg
pitted_surface,3,pitted_surface_pitted_surface_256_2.jpg
patches,2,patches_patches_155_1.jpg
patches,2,patches_patches_282_0.jpg
inclusion,1,inclusion_inclusion_209_2.jpg
scratches,5,scratches_scratches_138_3.jpg
scratches,5,scratches_scratches_171_2.jpg
crazing,0,crazing_crazing_32_3.jpg
scratches,5,scratches_scratches_59_0.jpg
inclusion,1,inclusion_inclusion_37_1.jpg
rolled-in_scale,4,rolled-in_scale_rolled-in_scale_252_3.jpg
patches,2,patches_patches_136_1.jpg
rolled-in_scale,4,rolled-in_scale_rolled-in_scale_41_4.jpg
crazing,0,crazing_crazing_229_3.jpg
scratches,5,scratches_scratches_73_0.jpg
patches,2,patches_patches_287_1.jpg
patches,2,patches_patches_48_2.jpg
inclusion,1,inclusion_inclusion_283_1.jpg
inclusion,1,inclusion_inclusion_240_0.jpg
patches,2,patches_patches_49_2.jpg
pitted_surface,3,pitted_surface_pitted_surface_129_2.jpg
patches,2,patches_patches_299_4.jpg
inclusion,1,inclusion_inclusion_244_2.jpg
inclusion,1,inclusion_inclusion_180_1.jpg
pitted_surface,3,pitted_surface_pitted_surface_267_2.jpg
patches,2,patches_patches_4_0.jpg
pitted_surface,3,pitted_surface_pitted_surface_128_2.jpg
inclusion,1,inclusion_inclusion_6_2.jpg
inclusion,1,inclusion_inclusion_263_1.jpg
patches,2,patches_patches_276_2.jpg
patches,2,patches_patches_187_0.jpg
inclusion,1,inclusion_inclusion_238_2.jpg
inclusion,1,inclusion_inclusion_239_4.jpg
crazing,0,crazing_crazing_51_0.jpg
rolled-in_scale,4,rolled-in_scale_rolled-in_scale_258_0.jpg
pitted_surface,3,pitted_surface_pitted_surface_130_0.jpg
crazing,0,crazing_crazing_73_0.jpg
crazing,0,crazing_crazing_47_3.jpg
patches,2,patches_patches_35_2.jpg
patches,2,patches_patches_95_0.jpg
rolled-in_scale,4,rolled-in_scale_rolled-in_scale_102_4.jpg
rolled-in_scale,4,rolled-in_scale_rolled-in_scale_119_4.jpg
inclusion,1,inclusion_inclusion_110_3.jpg
pitted_surface,3,pitted_surface_pitted_surface_61_3.jpg
inclusion,1,inclusion_inclusion_243_1.jpg
crazing,0,crazing_crazing_127_3.jpg
crazing,0,crazing_crazing_127_0.jpg
rolled-in_scale,4,rolled-in_scale_rolled-in_scale_2_0.jpg
crazing,0,crazing_crazing_181_2.jpg
patches,2,patches_patches_253_4.jpg
patches,2,patches_patches_291_1.jpg
rolled-in_scale,4,rolled-in_scale_rolled-in_scale_272_2.jpg
crazing,0,crazing_crazing_285_3.jpg
scratches,5,scratches_scratches_187_4.jpg
pitted_surface,3,pitted_surface_pitted_surface_300_2.jpg
crazing,0,crazing_crazing_36_0.jpg
crazing,0,crazing_crazing_45_1.jpg
patches,2,patches_patches_77_1.jpg
crazing,0,crazing_crazing_65_2.jpg
inclusion,1,inclusion_inclusion_66_1.jpg
crazing,0,crazing_crazing_189_2.jpg
rolled-in_scale,4,rolled-in_scale_rolled-in_scale_295_0.jpg
crazing,0,crazing_crazing_156_3.jpg
rolled-in_scale,4,rolled-in_scale_rolled-in_scale_66_0.jpg
inclusion,1,inclusion_inclusion_234_2.jpg
rolled-in_scale,4,rolled-in_scale_rolled-in_scale_21_4.jpg
scratches,5,scratches_scratches_203_4.jpg
rolled-in_scale,4,rolled-in_scale_rolled-in_scale_190_4.jpg
scratches,5,scratches_scratches_223_4.jpg
pitted_surface,3,pitted_surface_pitted_surface_100_4.jpg
crazing,0,crazing_crazing_256_4.jpg
rolled-in_scale,4,rolled-in_scale_rolled-in_scale_33_4.jpg
pitted_surface,3,pitted_surface_pitted_surface_194_1.jpg
patches,2,patches_patches_30_2.jpg
crazing,0,crazing_crazing_284_4.jpg
crazing,0,crazing_crazing_250_2.jpg
crazing,0,crazing_crazing_231_2.jpg
rolled-in_scale,4,rolled-in_scale_rolled-in_scale_298_3.jpg
crazing,0,crazing_crazing_145_1.jpg
pitted_surface,3,pitted_surface_pitted_surface_292_3.jpg
crazing,0,crazing_crazing_106_4.jpg
pitted_surface,3,pitted_surface_pitted_surface_115_3.jpg
crazing,0,crazing_crazing_220_4.jpg
rolled-in_scale,4,rolled-in_scale_rolled-in_scale_18_3.jpg
pitted_surface,3,pitted_surface_pitted_surface_71_2.jpg
scratches,5,scratches_scratches_138_4.jpg
inclusion,1,inclusion_inclusion_262_0.jpg
rolled-in_scale,4,rolled-in_scale_rolled-in_scale_236_2.jpg
patches,2,patches_patches_227_3.jpg
pitted_surface,3,pitted_surface_pitted_surface_124_4.jpg
rolled-in_scale,4,rolled-in_scale_rolled-in_scale_88_0.jpg
scratches,5,scratches_scratches_247_0.jpg
pitted_surface,3,pitted_surface_pitted_surface_206_4.jpg
inclusion,1,inclusion_inclusion_178_1.jpg
scratches,5,scratches_scratches_151_0.jpg
crazing,0,crazing_crazing_40_2.jpg
patches,2,patches_patches_253_2.jpg
inclusion,1,inclusion_inclusion_64_0.jpg
inclusion,1,inclusion_inclusion_20_0.jpg
scratches,5,scratches_scratches_127_2.jpg
scratches,5,scratches_scratches_220_3.jpg
scratches,5,scratches_scratches_2_3.jpg
rolled-in_scale,4,rolled-in_scale_rolled-in_scale_2_4.jpg
inclusion,1,inclusion_inclusion_46_3.jpg
inclusion,1,inclusion_inclusion_32_0.jpg
inclusion,1,inclusion_inclusion_44_1.jpg
crazing,0,crazing_crazing_133_3.jpg
pitted_surface,3,pitted_surface_pitted_surface_129_3.jpg
inclusion,1,inclusion_inclusion_80_2.jpg
crazing,0,crazing_crazing_220_3.jpg
scratches,5,scratches_scratches_252_0.jpg
rolled-in_scale,4,rolled-in_scale_rolled-in_scale_251_4.jpg
patches,2,patches_patches_81_4.jpg
pitted_surface,3,pitted_surface_pitted_surface_205_0.jpg
inclusion,1,inclusion_inclusion_229_3.jpg
scratches,5,scratches_scratches_274_3.jpg
crazing,0,crazing_crazing_176_4.jpg
scratches,5,scratches_scratches_174_4.jpg
patches,2,patches_patches_93_4.jpg
crazing,0,crazing_crazing_53_4.jpg
pitted_surface,3,pitted_surface_pitted_surface_146_2.jpg
pitted_surface,3,pitted_surface_pitted_surface_160_3.jpg
pitted_surface,3,pitted_surface_pitted_surface_212_1.jpg
scratches,5,scratches_scratches_189_3.jpg
pitted_surface,3,pitted_surface_pitted_surface_46_1.jpg
crazing,0,crazing_crazing_266_0.jpg
inclusion,1,inclusion_inclusion_68_3.jpg
inclusion,1,inclusion_inclusion_213_2.jpg
pitted_surface,3,pitted_surface_pitted_surface_144_4.jpg
pitted_surface,3,pitted_surface_pitted_surface_48_2.jpg
crazing,0,crazing_crazing_238_0.jpg
pitted_surface,3,pitted_surface_pitted_surface_113_2.jpg
patches,2,patches_patches_26_0.jpg
rolled-in_scale,4,rolled-in_scale_rolled-in_scale_232_4.jpg
pitted_surface,3,pitted_surface_pitted_surface_281_4.jpg
pitted_surface,3,pitted_surface_pitted_surface_288_1.jpg
patches,2,patches_patches_264_4.jpg
rolled-in_scale,4,rolled-in_scale_rolled-in_scale_240_0.jpg
rolled-in_scale,4,rolled-in_scale_rolled-in_scale_69_0.jpg
inclusion,1,inclusion_inclusion_144_1.jpg
scratches,5,scratches_scratches_120_0.jpg
rolled-in_scale,4,rolled-in_scale_rolled-in_scale_235_4.jpg
patches,2,patches_patches_167_3.jpg
scratches,5,scratches_scratches_240_1.jpg
patches,2,patches_patches_248_0.jpg
inclusion,1,inclusion_inclusion_22_3.jpg
scratches,5,scratches_scratches_49_1.jpg
scratches,5,scratches_scratches_38_1.jpg
crazing,0,crazing_crazing_90_3.jpg
